dataset,subject,outcome,stage,model,grid,policy,comparator,config_id,full_config_id,budget_fraction,restricted_precision,full_precision,precision_difference,restricted_recall,full_recall,recall_difference,true_alert_difference,false_alert_difference,alert_intersection,alert_union,alert_jaccard_vs_full,retained_full_alert_fraction
oulad,all,future_fail_or_withdrawn,day14,histgb,standard,minimized,full,day14__minimized__standard,day14__full__standard,0.05,0.7654584221748401,0.8017057569296375,-0.03624733475479747,0.0924066924066924,0.09678249678249679,-0.004375804375804385,-17,17,304,634,0.4794952681388013,0.6481876332622601
oulad,all,future_fail_or_withdrawn,day14,histgb,standard,minimized,full,day14__minimized__standard,day14__full__standard,0.1,0.7165775401069518,0.7572192513368984,-0.04064171122994653,0.17245817245817247,0.18223938223938224,-0.009781209781209776,-38,38,645,1225,0.5265306122448979,0.6898395721925134
oulad,all,future_fail_or_withdrawn,day14,histgb,standard,minimized,full,day14__minimized__standard,day14__full__standard,0.2,0.6698769395398609,0.6918138041733547,-0.021936864633493758,0.3222651222651223,0.3328185328185328,-0.010553410553410525,-41,41,1386,2352,0.5892857142857143,0.7415730337078652
oulad,all,future_fail_or_withdrawn,day14,histgb,standard,minimized,full,day14__minimized__standard,day14__full__standard,0.3,0.6227694503925767,0.6434689507494646,-0.020699500356887945,0.4491634491634492,0.4640926640926641,-0.014929214929214896,-58,58,2188,3416,0.6405152224824356,0.780870806566738
oulad,all,future_fail_or_withdrawn,day14,histgb,standard,partial_gender_disability,full,day14__partial_gender_disability__standard,day14__full__standard,0.05,0.8017057569296375,0.8017057569296375,0.0,0.09678249678249679,0.09678249678249679,0.0,0,0,424,514,0.8249027237354085,0.9040511727078892
oulad,all,future_fail_or_withdrawn,day14,histgb,standard,partial_gender_disability,full,day14__partial_gender_disability__standard,day14__full__standard,0.1,0.758288770053476,0.7572192513368984,0.0010695187165775666,0.1824967824967825,0.18223938223938224,0.00025740025740025874,1,-1,881,989,0.890798786653185,0.9422459893048128
oulad,all,future_fail_or_withdrawn,day14,histgb,standard,partial_gender_disability,full,day14__partial_gender_disability__standard,day14__full__standard,0.2,0.6971642589620117,0.6918138041733547,0.005350454788657033,0.3353925353925354,0.3328185328185328,0.0025740025740025874,10,-10,1773,1965,0.9022900763358779,0.9486356340288925
oulad,all,future_fail_or_withdrawn,day14,histgb,standard,partial_gender_disability,full,day14__partial_gender_disability__standard,day14__full__standard,0.3,0.639186295503212,0.6434689507494646,-0.004282655246252598,0.461003861003861,0.4640926640926641,-0.003088803088803105,-12,12,2679,2925,0.9158974358974359,0.9561027837259101
oulad,all,future_fail_or_withdrawn,day28,histgb,standard,minimized,full,day28__minimized__standard,day28__full__standard,0.05,0.8898488120950324,0.8876889848812095,0.002159827213822907,0.10972037283621837,0.10945406125166444,0.00026631158455392434,1,-1,323,603,0.5356550580431177,0.6976241900647948
oulad,all,future_fail_or_withdrawn,day28,histgb,standard,minimized,full,day28__minimized__standard,day28__full__standard,0.1,0.8255687973997833,0.8277356446370531,-0.0021668472372697867,0.2029294274300932,0.20346205059920106,-0.0005326231691078487,-2,2,764,1082,0.7060998151571165,0.8277356446370531
oulad,all,future_fail_or_withdrawn,day28,histgb,standard,minimized,full,day28__minimized__standard,day28__full__standard,0.2,0.7040650406504065,0.7192411924119241,-0.015176151761517542,0.3459387483355526,0.3533954727030626,-0.007456724367509993,-28,28,1412,2278,0.6198419666374012,0.7653116531165312
oulad,all,future_fail_or_withdrawn,day28,histgb,standard,minimized,full,day28__minimized__standard,day28__full__standard,0.3,0.6384671005061461,0.658351409978308,-0.01988430947216191,0.470306258322237,0.48495339547270305,-0.01464713715046606,-55,55,2109,3423,0.6161262050832603,0.762472885032538
oulad,all,future_fail_or_withdrawn,day28,histgb,standard,partial_gender_disability,full,day28__partial_gender_disability__standard,day28__full__standard,0.05,0.8898488120950324,0.8876889848812095,0.002159827213822907,0.10972037283621837,0.10945406125166444,0.00026631158455392434,1,-1,415,511,0.812133072407045,0.896328293736501
oulad,all,future_fail_or_withdrawn,day28,histgb,standard,partial_gender_disability,full,day28__partial_gender_disability__standard,day28__full__standard,0.1,0.8266522210184182,0.8277356446370531,-0.0010834236186348933,0.20319573901464713,0.20346205059920106,-0.00026631158455392434,-1,1,862,984,0.8760162601626016,0.933911159263272
oulad,all,future_fail_or_withdrawn,day28,histgb,standard,partial_gender_disability,full,day28__partial_gender_disability__standard,day28__full__standard,0.2,0.7235772357723578,0.7192411924119241,0.0043360433604336945,0.355525965379494,0.3533954727030626,0.0021304926764313947,8,-8,1705,1985,0.8589420654911839,0.924119241192412
oulad,all,future_fail_or_withdrawn,day28,histgb,standard,partial_gender_disability,full,day28__partial_gender_disability__standard,day28__full__standard,0.3,0.6529284164859002,0.658351409978308,-0.005422993492407824,0.48095872170439413,0.48495339547270305,-0.003994673768308921,-15,15,2586,2946,0.8778004073319755,0.9349240780911063
oulad,all,future_fail_or_withdrawn,day42,histgb,standard,minimized,full,day42__minimized__standard,day42__full__standard,0.05,0.9210526315789473,0.9035087719298246,0.01754385964912275,0.1171875,0.11495535714285714,0.002232142857142863,8,-8,349,563,0.6198934280639432,0.7653508771929824
oulad,all,future_fail_or_withdrawn,day42,histgb,standard,minimized,full,day42__minimized__standard,day42__full__standard,0.1,0.8392070484581498,0.8469162995594713,-0.00770925110132159,0.21261160714285715,0.21456473214285715,-0.001953125,-7,7,739,1077,0.6861652739090065,0.8138766519823789
oulad,all,future_fail_or_withdrawn,day42,histgb,standard,minimized,full,day42__minimized__standard,day42__full__standard,0.2,0.7355052457205964,0.7404748757592491,-0.004969630038652695,0.3716517857142857,0.37416294642857145,-0.002511160714285754,-9,9,1503,2119,0.7092968381311939,0.8299282164549973
oulad,all,future_fail_or_withdrawn,day42,histgb,standard,minimized,full,day42__minimized__standard,day42__full__standard,0.3,0.658321060382916,0.6734167893961709,-0.015095729013254844,0.49888392857142855,0.5103236607142857,-0.01143973214285715,-41,41,2313,3119,0.7415838409746713,0.851620029455081
oulad,all,future_fail_or_withdrawn,day42,histgb,standard,partial_gender_disability,full,day42__partial_gender_disability__standard,day42__full__standard,0.05,0.9057017543859649,0.9035087719298246,0.002192982456140302,0.115234375,0.11495535714285714,0.0002790178571428631,1,-1,427,485,0.8804123711340206,0.9364035087719298
oulad,all,future_fail_or_withdrawn,day42,histgb,standard,partial_gender_disability,full,day42__partial_gender_disability__standard,day42__full__standard,0.1,0.8425110132158591,0.8469162995594713,-0.004405286343612258,0.21344866071428573,0.21456473214285715,-0.0011160714285714246,-4,4,871,945,0.9216931216931217,0.9592511013215859
oulad,all,future_fail_or_withdrawn,day42,histgb,standard,partial_gender_disability,full,day42__partial_gender_disability__standard,day42__full__standard,0.2,0.7415792379900608,0.7404748757592491,0.001104362230811673,0.37472098214285715,0.37416294642857145,0.0005580357142856984,2,-2,1757,1865,0.9420911528150134,0.9701822197680839
oulad,all,future_fail_or_withdrawn,day42,histgb,standard,partial_gender_disability,full,day42__partial_gender_disability__standard,day42__full__standard,0.3,0.6712076583210603,0.6734167893961709,-0.0022091310751105597,0.5086495535714286,0.5103236607142857,-0.0016741071428570953,-6,6,2650,2782,0.9525521207764198,0.975699558173785
oulad,all,future_fail_or_withdrawn,day56,histgb,standard,minimized,full,day56__minimized__standard,day56__full__standard,0.05,0.9484304932735426,0.9506726457399103,-0.0022421524663677195,0.12368421052631579,0.1239766081871345,-0.000292397660818719,-1,1,338,554,0.6101083032490975,0.757847533632287
oulad,all,future_fail_or_withdrawn,day56,histgb,standard,minimized,full,day56__minimized__standard,day56__full__standard,0.1,0.903370786516854,0.9,0.003370786516853963,0.23508771929824562,0.23421052631578948,0.0008771929824561431,3,-3,781,999,0.7817817817817818,0.8775280898876404
oulad,all,future_fail_or_withdrawn,day56,histgb,standard,minimized,full,day56__minimized__standard,day56__full__standard,0.2,0.7800899887514061,0.7896512935883014,-0.009561304836895324,0.40555555555555556,0.4105263157894737,-0.004970760233918126,-17,17,1590,1966,0.8087487283825026,0.8942632170978627
oulad,all,future_fail_or_withdrawn,day56,histgb,standard,minimized,full,day56__minimized__standard,day56__full__standard,0.3,0.6635408852213053,0.6834208552138035,-0.019879969992498192,0.5172514619883041,0.5327485380116959,-0.015497076023391787,-53,53,2254,3078,0.7322936972059779,0.8454613653413353
oulad,all,future_fail_or_withdrawn,day56,histgb,standard,partial_gender_disability,full,day56__partial_gender_disability__standard,day56__full__standard,0.05,0.9484304932735426,0.9506726457399103,-0.0022421524663677195,0.12368421052631579,0.1239766081871345,-0.000292397660818719,-1,1,411,481,0.8544698544698545,0.92152466367713
oulad,all,future_fail_or_withdrawn,day56,histgb,standard,partial_gender_disability,full,day56__partial_gender_disability__standard,day56__full__standard,0.1,0.902247191011236,0.9,0.0022471910112359383,0.2347953216374269,0.23421052631578948,0.0005847953216374102,2,-2,855,925,0.9243243243243243,0.9606741573033708
oulad,all,future_fail_or_withdrawn,day56,histgb,standard,partial_gender_disability,full,day56__partial_gender_disability__standard,day56__full__standard,0.2,0.7862767154105736,0.7896512935883014,-0.003374578177727794,0.4087719298245614,0.4105263157894737,-0.0017543859649122862,-6,6,1737,1819,0.9549202858713579,0.9769403824521935
oulad,all,future_fail_or_withdrawn,day56,histgb,standard,partial_gender_disability,full,day56__partial_gender_disability__standard,day56__full__standard,0.3,0.6804201050262566,0.6834208552138035,-0.0030007501875468634,0.5304093567251462,0.5327485380116959,-0.002339181286549641,-8,8,2575,2757,0.9339862169024302,0.9658664666166542
oulad,all,future_fail_or_withdrawn,day70,histgb,standard,minimized,full,day70__minimized__standard,day70__full__standard,0.05,0.9771689497716894,0.9703196347031964,0.006849315068493067,0.13222119246215633,0.13129440840284215,0.0009267840593141785,3,-3,344,532,0.6466165413533834,0.7853881278538812
oulad,all,future_fail_or_withdrawn,day70,histgb,standard,minimized,full,day70__minimized__standard,day70__full__standard,0.1,0.9289805269186713,0.9335624284077892,-0.004581901489117968,0.2505406240345999,0.2517763361136855,-0.0012357120790855713,-4,4,807,939,0.8594249201277955,0.9243986254295533
oulad,all,future_fail_or_withdrawn,day70,histgb,standard,minimized,full,day70__minimized__standard,day70__full__standard,0.2,0.7911646586345381,0.7980493402180149,-0.0068846815834767705,0.42601173926475133,0.42971887550200805,-0.003707136237256714,-12,12,1562,1924,0.8118503118503119,0.8961560527825588
oulad,all,future_fail_or_withdrawn,day70,histgb,standard,minimized,full,day70__minimized__standard,day70__full__standard,0.3,0.6702412868632708,0.6855610877058598,-0.015319800842588993,0.5406240345999382,0.552981155390794,-0.012357120790855713,-40,40,2201,3021,0.7285666997682887,0.8429720413634623
oulad,all,future_fail_or_withdrawn,day70,histgb,standard,partial_gender_disability,full,day70__partial_gender_disability__standard,day70__full__standard,0.05,0.9726027397260274,0.9703196347031964,0.0022831050228310223,0.13160333642261354,0.13129440840284215,0.00030892801977139284,1,-1,414,462,0.8961038961038961,0.9452054794520548
oulad,all,future_fail_or_withdrawn,day70,histgb,standard,partial_gender_disability,full,day70__partial_gender_disability__standard,day70__full__standard,0.1,0.9312714776632303,0.9335624284077892,-0.002290950744558984,0.2511584800741427,0.2517763361136855,-0.0006178560395427857,-2,2,852,894,0.9530201342281879,0.9759450171821306
oulad,all,future_fail_or_withdrawn,day70,histgb,standard,partial_gender_disability,full,day70__partial_gender_disability__standard,day70__full__standard,0.2,0.7974756167527252,0.7980493402180149,-0.0005737234652897216,0.42940994748223665,0.42971887550200805,-0.00030892801977139284,-1,1,1703,1783,0.9551318003365115,0.9770510613884108
oulad,all,future_fail_or_withdrawn,day70,histgb,standard,partial_gender_disability,full,day70__partial_gender_disability__standard,day70__full__standard,0.3,0.6813481424741479,0.6855610877058598,-0.004212945231711895,0.5495829471733086,0.552981155390794,-0.0033982082174853767,-11,11,2527,2695,0.9376623376623376,0.967828418230563
oulad,all,future_fail_or_withdrawn,day90,histgb,standard,minimized,full,day90__minimized__standard,day90__full__standard,0.05,0.9883449883449883,0.9906759906759907,-0.002331002331002363,0.1378861788617886,0.13821138211382114,-0.00032520325203252987,-1,1,383,475,0.8063157894736842,0.8927738927738927
oulad,all,future_fail_or_withdrawn,day90,histgb,standard,minimized,full,day90__minimized__standard,day90__full__standard,0.1,0.9461988304093567,0.9368421052631579,0.009356725146198785,0.2630894308943089,0.2604878048780488,0.002601626016260128,8,-8,797,913,0.872946330777656,0.9321637426900585
oulad,all,future_fail_or_withdrawn,day90,histgb,standard,minimized,full,day90__minimized__standard,day90__full__standard,0.2,0.7781030444964872,0.7862997658079626,-0.008196721311475419,0.4321951219512195,0.4367479674796748,-0.004552845528455307,-14,14,1525,1891,0.8064516129032258,0.8928571428571429
oulad,all,future_fail_or_withdrawn,day90,histgb,standard,minimized,full,day90__minimized__standard,day90__full__standard,0.3,0.6666666666666666,0.6709601873536299,-0.004293520686963315,0.5554471544715447,0.5590243902439025,-0.0035772357723578008,-11,11,2204,2920,0.7547945205479452,0.8602654176424668
oulad,all,future_fail_or_withdrawn,day90,histgb,standard,partial_gender_disability,full,day90__partial_gender_disability__standard,day90__full__standard,0.05,0.9883449883449883,0.9906759906759907,-0.002331002331002363,0.1378861788617886,0.13821138211382114,-0.00032520325203252987,-1,1,412,446,0.9237668161434978,0.9603729603729604
oulad,all,future_fail_or_withdrawn,day90,histgb,standard,partial_gender_disability,full,day90__partial_gender_disability__standard,day90__full__standard,0.1,0.9403508771929825,0.9368421052631579,0.0035087719298245723,0.26146341463414635,0.2604878048780488,0.0009756097560975618,3,-3,838,872,0.9610091743119266,0.9801169590643275
oulad,all,future_fail_or_withdrawn,day90,histgb,standard,partial_gender_disability,full,day90__partial_gender_disability__standard,day90__full__standard,0.2,0.7874707259953162,0.7862997658079626,0.0011709601873536313,0.4373983739837398,0.4367479674796748,0.0006504065040650042,2,-2,1676,1740,0.9632183908045977,0.9812646370023419
oulad,all,future_fail_or_withdrawn,day90,histgb,standard,partial_gender_disability,full,day90__partial_gender_disability__standard,day90__full__standard,0.3,0.6725214676034348,0.6709601873536299,0.0015612802498048417,0.5603252032520325,0.5590243902439025,0.0013008130081300084,4,-4,2513,2611,0.9624664879356568,0.9808743169398907
uci320,mathematics,fail_g3_lt_10,baseline,histgb,c13_selected,no_demographic_family,full,uci320__mathematics__fail_g3_lt_10__baseline__no_demographic_family__histgb,uci320__mathematics__fail_g3_lt_10__baseline__full__histgb,0.05,0.38095238095238093,0.5714285714285714,-0.19047619047619047,0.06153846153846154,0.09230769230769231,-0.03076923076923077,-4,4,10,32,0.3125,0.47619047619047616
uci320,mathematics,fail_g3_lt_10,baseline,histgb,c13_selected,no_demographic_family,full,uci320__mathematics__fail_g3_lt_10__baseline__no_demographic_family__histgb,uci320__mathematics__fail_g3_lt_10__baseline__full__histgb,0.1,0.5,0.575,-0.07499999999999996,0.15384615384615385,0.17692307692307693,-0.023076923076923078,-3,3,20,60,0.3333333333333333,0.5
uci320,mathematics,fail_g3_lt_10,baseline,histgb,c13_selected,no_demographic_family,full,uci320__mathematics__fail_g3_lt_10__baseline__no_demographic_family__histgb,uci320__mathematics__fail_g3_lt_10__baseline__full__histgb,0.2,0.4625,0.475,-0.012499999999999956,0.2846153846153846,0.2923076923076923,-0.0076923076923077205,-1,1,47,113,0.415929203539823,0.5875
uci320,mathematics,fail_g3_lt_10,baseline,histgb,c13_selected,no_demographic_family,full,uci320__mathematics__fail_g3_lt_10__baseline__no_demographic_family__histgb,uci320__mathematics__fail_g3_lt_10__baseline__full__histgb,0.3,0.5294117647058824,0.42857142857142855,0.10084033613445381,0.4846153846153846,0.3923076923076923,0.09230769230769231,12,-12,88,150,0.5866666666666667,0.7394957983193278
uci320,mathematics,fail_g3_lt_10,baseline,histgb,c13_selected,no_sensitive_wellbeing,full,uci320__mathematics__fail_g3_lt_10__baseline__no_sensitive_wellbeing__histgb,uci320__mathematics__fail_g3_lt_10__baseline__full__histgb,0.05,0.5714285714285714,0.5714285714285714,0.0,0.09230769230769231,0.09230769230769231,0.0,0,0,17,25,0.68,0.8095238095238095
uci320,mathematics,fail_g3_lt_10,baseline,histgb,c13_selected,no_sensitive_wellbeing,full,uci320__mathematics__fail_g3_lt_10__baseline__no_sensitive_wellbeing__histgb,uci320__mathematics__fail_g3_lt_10__baseline__full__histgb,0.1,0.575,0.575,0.0,0.17692307692307693,0.17692307692307693,0.0,0,0,29,51,0.5686274509803921,0.725
uci320,mathematics,fail_g3_lt_10,baseline,histgb,c13_selected,no_sensitive_wellbeing,full,uci320__mathematics__fail_g3_lt_10__baseline__no_sensitive_wellbeing__histgb,uci320__mathematics__fail_g3_lt_10__baseline__full__histgb,0.2,0.5125,0.475,0.03749999999999998,0.3153846153846154,0.2923076923076923,0.02307692307692305,3,-3,60,100,0.6,0.75
uci320,mathematics,fail_g3_lt_10,baseline,histgb,c13_selected,no_sensitive_wellbeing,full,uci320__mathematics__fail_g3_lt_10__baseline__no_sensitive_wellbeing__histgb,uci320__mathematics__fail_g3_lt_10__baseline__full__histgb,0.3,0.44537815126050423,0.42857142857142855,0.01680672268907568,0.4076923076923077,0.3923076923076923,0.015384615384615385,2,-2,96,142,0.676056338028169,0.8067226890756303
uci320,mathematics,fail_g3_lt_10,baseline,histgb,c13_selected,school_observable_only,full,uci320__mathematics__fail_g3_lt_10__baseline__school_observable_only__histgb,uci320__mathematics__fail_g3_lt_10__baseline__full__histgb,0.05,0.5238095238095238,0.5714285714285714,-0.04761904761904756,0.08461538461538462,0.09230769230769231,-0.007692307692307693,-1,1,6,36,0.16666666666666666,0.2857142857142857
uci320,mathematics,fail_g3_lt_10,baseline,histgb,c13_selected,school_observable_only,full,uci320__mathematics__fail_g3_lt_10__baseline__school_observable_only__histgb,uci320__mathematics__fail_g3_lt_10__baseline__full__histgb,0.1,0.575,0.575,0.0,0.17692307692307693,0.17692307692307693,0.0,0,0,17,63,0.2698412698412698,0.425
uci320,mathematics,fail_g3_lt_10,baseline,histgb,c13_selected,school_observable_only,full,uci320__mathematics__fail_g3_lt_10__baseline__school_observable_only__histgb,uci320__mathematics__fail_g3_lt_10__baseline__full__histgb,0.2,0.5375,0.475,0.0625,0.33076923076923076,0.2923076923076923,0.038461538461538436,5,-5,43,117,0.36752136752136755,0.5375
uci320,mathematics,fail_g3_lt_10,baseline,histgb,c13_selected,school_observable_only,full,uci320__mathematics__fail_g3_lt_10__baseline__school_observable_only__histgb,uci320__mathematics__fail_g3_lt_10__baseline__full__histgb,0.3,0.5294117647058824,0.42857142857142855,0.10084033613445381,0.4846153846153846,0.3923076923076923,0.09230769230769231,12,-12,73,165,0.44242424242424244,0.6134453781512605
uci320,mathematics,fail_g3_lt_10,baseline,histgb,c13_selected,targeted_no_sex,full,uci320__mathematics__fail_g3_lt_10__baseline__targeted_no_sex__histgb,uci320__mathematics__fail_g3_lt_10__baseline__full__histgb,0.05,0.5238095238095238,0.5714285714285714,-0.04761904761904756,0.08461538461538462,0.09230769230769231,-0.007692307692307693,-1,1,18,24,0.75,0.8571428571428571
uci320,mathematics,fail_g3_lt_10,baseline,histgb,c13_selected,targeted_no_sex,full,uci320__mathematics__fail_g3_lt_10__baseline__targeted_no_sex__histgb,uci320__mathematics__fail_g3_lt_10__baseline__full__histgb,0.1,0.525,0.575,-0.04999999999999993,0.16153846153846155,0.17692307692307693,-0.015384615384615385,-2,2,31,49,0.6326530612244898,0.775
uci320,mathematics,fail_g3_lt_10,baseline,histgb,c13_selected,targeted_no_sex,full,uci320__mathematics__fail_g3_lt_10__baseline__targeted_no_sex__histgb,uci320__mathematics__fail_g3_lt_10__baseline__full__histgb,0.2,0.4375,0.475,-0.03749999999999998,0.2692307692307692,0.2923076923076923,-0.023076923076923106,-3,3,66,94,0.7021276595744681,0.825
uci320,mathematics,fail_g3_lt_10,baseline,histgb,c13_selected,targeted_no_sex,full,uci320__mathematics__fail_g3_lt_10__baseline__targeted_no_sex__histgb,uci320__mathematics__fail_g3_lt_10__baseline__full__histgb,0.3,0.42016806722689076,0.42857142857142855,-0.008403361344537785,0.38461538461538464,0.3923076923076923,-0.007692307692307665,-1,1,110,128,0.859375,0.9243697478991597
uci320,mathematics,fail_g3_lt_10,period1,histgb,c13_selected,no_demographic_family,full,uci320__mathematics__fail_g3_lt_10__period1__no_demographic_family__histgb,uci320__mathematics__fail_g3_lt_10__period1__full__histgb,0.05,0.9523809523809523,1.0,-0.04761904761904767,0.15384615384615385,0.16153846153846155,-0.007692307692307693,-1,1,12,30,0.4,0.5714285714285714
uci320,mathematics,fail_g3_lt_10,period1,histgb,c13_selected,no_demographic_family,full,uci320__mathematics__fail_g3_lt_10__period1__no_demographic_family__histgb,uci320__mathematics__fail_g3_lt_10__period1__full__histgb,0.1,0.9,0.925,-0.025000000000000022,0.27692307692307694,0.2846153846153846,-0.007692307692307665,-1,1,32,48,0.6666666666666666,0.8
uci320,mathematics,fail_g3_lt_10,period1,histgb,c13_selected,no_demographic_family,full,uci320__mathematics__fail_g3_lt_10__period1__no_demographic_family__histgb,uci320__mathematics__fail_g3_lt_10__period1__full__histgb,0.2,0.8125,0.8375,-0.025000000000000022,0.5,0.5153846153846153,-0.01538461538461533,-2,2,67,93,0.7204301075268817,0.8375
uci320,mathematics,fail_g3_lt_10,period1,histgb,c13_selected,no_demographic_family,full,uci320__mathematics__fail_g3_lt_10__period1__no_demographic_family__histgb,uci320__mathematics__fail_g3_lt_10__period1__full__histgb,0.3,0.7478991596638656,0.7226890756302521,0.025210084033613467,0.6846153846153846,0.6615384615384615,0.023076923076923106,3,-3,104,134,0.7761194029850746,0.8739495798319328
uci320,mathematics,fail_g3_lt_10,period1,histgb,c13_selected,no_sensitive_wellbeing,full,uci320__mathematics__fail_g3_lt_10__period1__no_sensitive_wellbeing__histgb,uci320__mathematics__fail_g3_lt_10__period1__full__histgb,0.05,0.9523809523809523,1.0,-0.04761904761904767,0.15384615384615385,0.16153846153846155,-0.007692307692307693,-1,1,14,28,0.5,0.6666666666666666
uci320,mathematics,fail_g3_lt_10,period1,histgb,c13_selected,no_sensitive_wellbeing,full,uci320__mathematics__fail_g3_lt_10__period1__no_sensitive_wellbeing__histgb,uci320__mathematics__fail_g3_lt_10__period1__full__histgb,0.1,0.975,0.925,0.04999999999999993,0.3,0.2846153846153846,0.015384615384615385,2,-2,30,50,0.6,0.75
uci320,mathematics,fail_g3_lt_10,period1,histgb,c13_selected,no_sensitive_wellbeing,full,uci320__mathematics__fail_g3_lt_10__period1__no_sensitive_wellbeing__histgb,uci320__mathematics__fail_g3_lt_10__period1__full__histgb,0.2,0.8125,0.8375,-0.025000000000000022,0.5,0.5153846153846153,-0.01538461538461533,-2,2,67,93,0.7204301075268817,0.8375
uci320,mathematics,fail_g3_lt_10,period1,histgb,c13_selected,no_sensitive_wellbeing,full,uci320__mathematics__fail_g3_lt_10__period1__no_sensitive_wellbeing__histgb,uci320__mathematics__fail_g3_lt_10__period1__full__histgb,0.3,0.773109243697479,0.7226890756302521,0.050420168067226934,0.7076923076923077,0.6615384615384615,0.04615384615384621,6,-6,108,130,0.8307692307692308,0.907563025210084
uci320,mathematics,fail_g3_lt_10,period1,histgb,c13_selected,school_observable_only,full,uci320__mathematics__fail_g3_lt_10__period1__school_observable_only__histgb,uci320__mathematics__fail_g3_lt_10__period1__full__histgb,0.05,0.8571428571428571,1.0,-0.1428571428571429,0.13846153846153847,0.16153846153846155,-0.023076923076923078,-3,3,8,34,0.23529411764705882,0.38095238095238093
uci320,mathematics,fail_g3_lt_10,period1,histgb,c13_selected,school_observable_only,full,uci320__mathematics__fail_g3_lt_10__period1__school_observable_only__histgb,uci320__mathematics__fail_g3_lt_10__period1__full__histgb,0.1,0.875,0.925,-0.050000000000000044,0.2692307692307692,0.2846153846153846,-0.015384615384615385,-2,2,24,56,0.42857142857142855,0.6
uci320,mathematics,fail_g3_lt_10,period1,histgb,c13_selected,school_observable_only,full,uci320__mathematics__fail_g3_lt_10__period1__school_observable_only__histgb,uci320__mathematics__fail_g3_lt_10__period1__full__histgb,0.2,0.875,0.8375,0.03749999999999998,0.5384615384615384,0.5153846153846153,0.023076923076923106,3,-3,57,103,0.5533980582524272,0.7125
uci320,mathematics,fail_g3_lt_10,period1,histgb,c13_selected,school_observable_only,full,uci320__mathematics__fail_g3_lt_10__period1__school_observable_only__histgb,uci320__mathematics__fail_g3_lt_10__period1__full__histgb,0.3,0.7815126050420168,0.7226890756302521,0.05882352941176472,0.7153846153846154,0.6615384615384615,0.05384615384615388,7,-7,100,138,0.7246376811594203,0.8403361344537815
uci320,mathematics,fail_g3_lt_10,period1,histgb,c13_selected,targeted_no_sex,full,uci320__mathematics__fail_g3_lt_10__period1__targeted_no_sex__histgb,uci320__mathematics__fail_g3_lt_10__period1__full__histgb,0.05,0.9523809523809523,1.0,-0.04761904761904767,0.15384615384615385,0.16153846153846155,-0.007692307692307693,-1,1,19,23,0.8260869565217391,0.9047619047619048
uci320,mathematics,fail_g3_lt_10,period1,histgb,c13_selected,targeted_no_sex,full,uci320__mathematics__fail_g3_lt_10__period1__targeted_no_sex__histgb,uci320__mathematics__fail_g3_lt_10__period1__full__histgb,0.1,0.975,0.925,0.04999999999999993,0.3,0.2846153846153846,0.015384615384615385,2,-2,36,44,0.8181818181818182,0.9
uci320,mathematics,fail_g3_lt_10,period1,histgb,c13_selected,targeted_no_sex,full,uci320__mathematics__fail_g3_lt_10__period1__targeted_no_sex__histgb,uci320__mathematics__fail_g3_lt_10__period1__full__histgb,0.2,0.825,0.8375,-0.012500000000000067,0.5076923076923077,0.5153846153846153,-0.007692307692307665,-1,1,76,84,0.9047619047619048,0.95
uci320,mathematics,fail_g3_lt_10,period1,histgb,c13_selected,targeted_no_sex,full,uci320__mathematics__fail_g3_lt_10__period1__targeted_no_sex__histgb,uci320__mathematics__fail_g3_lt_10__period1__full__histgb,0.3,0.7310924369747899,0.7226890756302521,0.008403361344537785,0.6692307692307692,0.6615384615384615,0.007692307692307665,1,-1,116,122,0.9508196721311475,0.9747899159663865
uci320,mathematics,fail_g3_lt_10,period2,histgb,c13_selected,no_demographic_family,full,uci320__mathematics__fail_g3_lt_10__period2__no_demographic_family__histgb,uci320__mathematics__fail_g3_lt_10__period2__full__histgb,0.05,1.0,1.0,0.0,0.16153846153846155,0.16153846153846155,0.0,0,0,15,27,0.5555555555555556,0.7142857142857143
uci320,mathematics,fail_g3_lt_10,period2,histgb,c13_selected,no_demographic_family,full,uci320__mathematics__fail_g3_lt_10__period2__no_demographic_family__histgb,uci320__mathematics__fail_g3_lt_10__period2__full__histgb,0.1,0.975,0.975,0.0,0.3,0.3,0.0,0,0,30,50,0.6,0.75
uci320,mathematics,fail_g3_lt_10,period2,histgb,c13_selected,no_demographic_family,full,uci320__mathematics__fail_g3_lt_10__period2__no_demographic_family__histgb,uci320__mathematics__fail_g3_lt_10__period2__full__histgb,0.2,0.95,0.9625,-0.012500000000000067,0.5846153846153846,0.5923076923076923,-0.007692307692307665,-1,1,69,91,0.7582417582417582,0.8625
uci320,mathematics,fail_g3_lt_10,period2,histgb,c13_selected,no_demographic_family,full,uci320__mathematics__fail_g3_lt_10__period2__no_demographic_family__histgb,uci320__mathematics__fail_g3_lt_10__period2__full__histgb,0.3,0.8907563025210085,0.8907563025210085,0.0,0.8153846153846154,0.8153846153846154,0.0,0,0,111,127,0.8740157480314961,0.9327731092436975
uci320,mathematics,fail_g3_lt_10,period2,histgb,c13_selected,no_sensitive_wellbeing,full,uci320__mathematics__fail_g3_lt_10__period2__no_sensitive_wellbeing__histgb,uci320__mathematics__fail_g3_lt_10__period2__full__histgb,0.05,0.9523809523809523,1.0,-0.04761904761904767,0.15384615384615385,0.16153846153846155,-0.007692307692307693,-1,1,15,27,0.5555555555555556,0.7142857142857143
uci320,mathematics,fail_g3_lt_10,period2,histgb,c13_selected,no_sensitive_wellbeing,full,uci320__mathematics__fail_g3_lt_10__period2__no_sensitive_wellbeing__histgb,uci320__mathematics__fail_g3_lt_10__period2__full__histgb,0.1,0.95,0.975,-0.025000000000000022,0.2923076923076923,0.3,-0.007692307692307665,-1,1,35,45,0.7777777777777778,0.875
uci320,mathematics,fail_g3_lt_10,period2,histgb,c13_selected,no_sensitive_wellbeing,full,uci320__mathematics__fail_g3_lt_10__period2__no_sensitive_wellbeing__histgb,uci320__mathematics__fail_g3_lt_10__period2__full__histgb,0.2,0.9625,0.9625,0.0,0.5923076923076923,0.5923076923076923,0.0,0,0,70,90,0.7777777777777778,0.875
uci320,mathematics,fail_g3_lt_10,period2,histgb,c13_selected,no_sensitive_wellbeing,full,uci320__mathematics__fail_g3_lt_10__period2__no_sensitive_wellbeing__histgb,uci320__mathematics__fail_g3_lt_10__period2__full__histgb,0.3,0.8823529411764706,0.8907563025210085,-0.008403361344537896,0.8076923076923077,0.8153846153846154,-0.007692307692307665,-1,1,112,126,0.8888888888888888,0.9411764705882353
uci320,mathematics,fail_g3_lt_10,period2,histgb,c13_selected,school_observable_only,full,uci320__mathematics__fail_g3_lt_10__period2__school_observable_only__histgb,uci320__mathematics__fail_g3_lt_10__period2__full__histgb,0.05,1.0,1.0,0.0,0.16153846153846155,0.16153846153846155,0.0,0,0,12,30,0.4,0.5714285714285714
uci320,mathematics,fail_g3_lt_10,period2,histgb,c13_selected,school_observable_only,full,uci320__mathematics__fail_g3_lt_10__period2__school_observable_only__histgb,uci320__mathematics__fail_g3_lt_10__period2__full__histgb,0.1,0.975,0.975,0.0,0.3,0.3,0.0,0,0,31,49,0.6326530612244898,0.775
uci320,mathematics,fail_g3_lt_10,period2,histgb,c13_selected,school_observable_only,full,uci320__mathematics__fail_g3_lt_10__period2__school_observable_only__histgb,uci320__mathematics__fail_g3_lt_10__period2__full__histgb,0.2,0.975,0.9625,0.012499999999999956,0.6,0.5923076923076923,0.007692307692307665,1,-1,67,93,0.7204301075268817,0.8375
uci320,mathematics,fail_g3_lt_10,period2,histgb,c13_selected,school_observable_only,full,uci320__mathematics__fail_g3_lt_10__period2__school_observable_only__histgb,uci320__mathematics__fail_g3_lt_10__period2__full__histgb,0.3,0.8739495798319328,0.8907563025210085,-0.01680672268907568,0.8,0.8153846153846154,-0.01538461538461533,-2,2,109,129,0.8449612403100775,0.9159663865546218
uci320,mathematics,fail_g3_lt_10,period2,histgb,c13_selected,targeted_no_sex,full,uci320__mathematics__fail_g3_lt_10__period2__targeted_no_sex__histgb,uci320__mathematics__fail_g3_lt_10__period2__full__histgb,0.05,1.0,1.0,0.0,0.16153846153846155,0.16153846153846155,0.0,0,0,20,22,0.9090909090909091,0.9523809523809523
uci320,mathematics,fail_g3_lt_10,period2,histgb,c13_selected,targeted_no_sex,full,uci320__mathematics__fail_g3_lt_10__period2__targeted_no_sex__histgb,uci320__mathematics__fail_g3_lt_10__period2__full__histgb,0.1,1.0,0.975,0.025000000000000022,0.3076923076923077,0.3,0.0076923076923077205,1,-1,39,41,0.9512195121951219,0.975
uci320,mathematics,fail_g3_lt_10,period2,histgb,c13_selected,targeted_no_sex,full,uci320__mathematics__fail_g3_lt_10__period2__targeted_no_sex__histgb,uci320__mathematics__fail_g3_lt_10__period2__full__histgb,0.2,0.95,0.9625,-0.012500000000000067,0.5846153846153846,0.5923076923076923,-0.007692307692307665,-1,1,79,81,0.9753086419753086,0.9875
uci320,mathematics,fail_g3_lt_10,period2,histgb,c13_selected,targeted_no_sex,full,uci320__mathematics__fail_g3_lt_10__period2__targeted_no_sex__histgb,uci320__mathematics__fail_g3_lt_10__period2__full__histgb,0.3,0.8907563025210085,0.8907563025210085,0.0,0.8153846153846154,0.8153846153846154,0.0,0,0,117,121,0.9669421487603306,0.9831932773109243
uci320,portuguese,fail_g3_lt_10,baseline,histgb,c13_selected,no_demographic_family,full,uci320__portuguese__fail_g3_lt_10__baseline__no_demographic_family__histgb,uci320__portuguese__fail_g3_lt_10__baseline__full__histgb,0.05,0.5,0.35294117647058826,0.14705882352941174,0.17,0.12,0.05000000000000002,5,-5,22,46,0.4782608695652174,0.6470588235294118
uci320,portuguese,fail_g3_lt_10,baseline,histgb,c13_selected,no_demographic_family,full,uci320__portuguese__fail_g3_lt_10__baseline__no_demographic_family__histgb,uci320__portuguese__fail_g3_lt_10__baseline__full__histgb,0.1,0.4090909090909091,0.4090909090909091,0.0,0.27,0.27,0.0,0,0,46,86,0.5348837209302325,0.696969696969697
uci320,portuguese,fail_g3_lt_10,baseline,histgb,c13_selected,no_demographic_family,full,uci320__portuguese__fail_g3_lt_10__baseline__no_demographic_family__histgb,uci320__portuguese__fail_g3_lt_10__baseline__full__histgb,0.2,0.3435114503816794,0.33587786259541985,0.007633587786259555,0.45,0.44,0.010000000000000009,1,-1,91,171,0.5321637426900585,0.6946564885496184
uci320,portuguese,fail_g3_lt_10,baseline,histgb,c13_selected,no_demographic_family,full,uci320__portuguese__fail_g3_lt_10__baseline__no_demographic_family__histgb,uci320__portuguese__fail_g3_lt_10__baseline__full__histgb,0.3,0.30256410256410254,0.28205128205128205,0.020512820512820495,0.59,0.55,0.039999999999999925,4,-4,145,245,0.5918367346938775,0.7435897435897436
uci320,portuguese,fail_g3_lt_10,baseline,histgb,c13_selected,no_sensitive_wellbeing,full,uci320__portuguese__fail_g3_lt_10__baseline__no_sensitive_wellbeing__histgb,uci320__portuguese__fail_g3_lt_10__baseline__full__histgb,0.05,0.4117647058823529,0.35294117647058826,0.05882352941176466,0.14,0.12,0.020000000000000018,2,-2,21,47,0.44680851063829785,0.6176470588235294
uci320,portuguese,fail_g3_lt_10,baseline,histgb,c13_selected,no_sensitive_wellbeing,full,uci320__portuguese__fail_g3_lt_10__baseline__no_sensitive_wellbeing__histgb,uci320__portuguese__fail_g3_lt_10__baseline__full__histgb,0.1,0.3787878787878788,0.4090909090909091,-0.03030303030303033,0.25,0.27,-0.020000000000000018,-2,2,42,90,0.4666666666666667,0.6363636363636364
uci320,portuguese,fail_g3_lt_10,baseline,histgb,c13_selected,no_sensitive_wellbeing,full,uci320__portuguese__fail_g3_lt_10__baseline__no_sensitive_wellbeing__histgb,uci320__portuguese__fail_g3_lt_10__baseline__full__histgb,0.2,0.3282442748091603,0.33587786259541985,-0.007633587786259555,0.43,0.44,-0.010000000000000009,-1,1,100,162,0.6172839506172839,0.7633587786259542
uci320,portuguese,fail_g3_lt_10,baseline,histgb,c13_selected,no_sensitive_wellbeing,full,uci320__portuguese__fail_g3_lt_10__baseline__no_sensitive_wellbeing__histgb,uci320__portuguese__fail_g3_lt_10__baseline__full__histgb,0.3,0.2717948717948718,0.28205128205128205,-0.010256410256410275,0.53,0.55,-0.020000000000000018,-2,2,159,231,0.6883116883116883,0.8153846153846154
uci320,portuguese,fail_g3_lt_10,baseline,histgb,c13_selected,school_observable_only,full,uci320__portuguese__fail_g3_lt_10__baseline__school_observable_only__histgb,uci320__portuguese__fail_g3_lt_10__baseline__full__histgb,0.05,0.4117647058823529,0.35294117647058826,0.05882352941176466,0.14,0.12,0.020000000000000018,2,-2,15,53,0.2830188679245283,0.4411764705882353
uci320,portuguese,fail_g3_lt_10,baseline,histgb,c13_selected,school_observable_only,full,uci320__portuguese__fail_g3_lt_10__baseline__school_observable_only__histgb,uci320__portuguese__fail_g3_lt_10__baseline__full__histgb,0.1,0.4090909090909091,0.4090909090909091,0.0,0.27,0.27,0.0,0,0,37,95,0.3894736842105263,0.5606060606060606
uci320,portuguese,fail_g3_lt_10,baseline,histgb,c13_selected,school_observable_only,full,uci320__portuguese__fail_g3_lt_10__baseline__school_observable_only__histgb,uci320__portuguese__fail_g3_lt_10__baseline__full__histgb,0.2,0.33587786259541985,0.33587786259541985,0.0,0.44,0.44,0.0,0,0,72,190,0.37894736842105264,0.549618320610687
uci320,portuguese,fail_g3_lt_10,baseline,histgb,c13_selected,school_observable_only,full,uci320__portuguese__fail_g3_lt_10__baseline__school_observable_only__histgb,uci320__portuguese__fail_g3_lt_10__baseline__full__histgb,0.3,0.26153846153846155,0.28205128205128205,-0.020512820512820495,0.51,0.55,-0.040000000000000036,-4,4,117,273,0.42857142857142855,0.6
uci320,portuguese,fail_g3_lt_10,baseline,histgb,c13_selected,targeted_no_sex,full,uci320__portuguese__fail_g3_lt_10__baseline__targeted_no_sex__histgb,uci320__portuguese__fail_g3_lt_10__baseline__full__histgb,0.05,0.38235294117647056,0.35294117647058826,0.029411764705882304,0.13,0.12,0.010000000000000009,1,-1,28,40,0.7,0.8235294117647058
uci320,portuguese,fail_g3_lt_10,baseline,histgb,c13_selected,targeted_no_sex,full,uci320__portuguese__fail_g3_lt_10__baseline__targeted_no_sex__histgb,uci320__portuguese__fail_g3_lt_10__baseline__full__histgb,0.1,0.3787878787878788,0.4090909090909091,-0.03030303030303033,0.25,0.27,-0.020000000000000018,-2,2,56,76,0.7368421052631579,0.8484848484848485
uci320,portuguese,fail_g3_lt_10,baseline,histgb,c13_selected,targeted_no_sex,full,uci320__portuguese__fail_g3_lt_10__baseline__targeted_no_sex__histgb,uci320__portuguese__fail_g3_lt_10__baseline__full__histgb,0.2,0.3435114503816794,0.33587786259541985,0.007633587786259555,0.45,0.44,0.010000000000000009,1,-1,108,154,0.7012987012987013,0.8244274809160306
uci320,portuguese,fail_g3_lt_10,baseline,histgb,c13_selected,targeted_no_sex,full,uci320__portuguese__fail_g3_lt_10__baseline__targeted_no_sex__histgb,uci320__portuguese__fail_g3_lt_10__baseline__full__histgb,0.3,0.2717948717948718,0.28205128205128205,-0.010256410256410275,0.53,0.55,-0.020000000000000018,-2,2,171,219,0.7808219178082192,0.8769230769230769
uci320,portuguese,fail_g3_lt_10,period1,histgb,c13_selected,no_demographic_family,full,uci320__portuguese__fail_g3_lt_10__period1__no_demographic_family__histgb,uci320__portuguese__fail_g3_lt_10__period1__full__histgb,0.05,0.5588235294117647,0.5882352941176471,-0.02941176470588236,0.19,0.2,-0.010000000000000009,-1,1,27,41,0.6585365853658537,0.7941176470588235
uci320,portuguese,fail_g3_lt_10,period1,histgb,c13_selected,no_demographic_family,full,uci320__portuguese__fail_g3_lt_10__period1__no_demographic_family__histgb,uci320__portuguese__fail_g3_lt_10__period1__full__histgb,0.1,0.5606060606060606,0.5909090909090909,-0.030303030303030387,0.37,0.39,-0.020000000000000018,-2,2,53,79,0.6708860759493671,0.803030303030303
uci320,portuguese,fail_g3_lt_10,period1,histgb,c13_selected,no_demographic_family,full,uci320__portuguese__fail_g3_lt_10__period1__no_demographic_family__histgb,uci320__portuguese__fail_g3_lt_10__period1__full__histgb,0.2,0.4961832061068702,0.4732824427480916,0.02290076335877861,0.65,0.62,0.030000000000000027,3,-3,111,151,0.7350993377483444,0.8473282442748091
uci320,portuguese,fail_g3_lt_10,period1,histgb,c13_selected,no_demographic_family,full,uci320__portuguese__fail_g3_lt_10__period1__no_demographic_family__histgb,uci320__portuguese__fail_g3_lt_10__period1__full__histgb,0.3,0.4153846153846154,0.4153846153846154,0.0,0.81,0.81,0.0,0,0,174,216,0.8055555555555556,0.8923076923076924
uci320,portuguese,fail_g3_lt_10,period1,histgb,c13_selected,no_sensitive_wellbeing,full,uci320__portuguese__fail_g3_lt_10__period1__no_sensitive_wellbeing__histgb,uci320__portuguese__fail_g3_lt_10__period1__full__histgb,0.05,0.6176470588235294,0.5882352941176471,0.02941176470588236,0.21,0.2,0.009999999999999981,1,-1,25,43,0.5813953488372093,0.7352941176470589
uci320,portuguese,fail_g3_lt_10,period1,histgb,c13_selected,no_sensitive_wellbeing,full,uci320__portuguese__fail_g3_lt_10__period1__no_sensitive_wellbeing__histgb,uci320__portuguese__fail_g3_lt_10__period1__full__histgb,0.1,0.6060606060606061,0.5909090909090909,0.015151515151515138,0.4,0.39,0.010000000000000009,1,-1,55,77,0.7142857142857143,0.8333333333333334
uci320,portuguese,fail_g3_lt_10,period1,histgb,c13_selected,no_sensitive_wellbeing,full,uci320__portuguese__fail_g3_lt_10__period1__no_sensitive_wellbeing__histgb,uci320__portuguese__fail_g3_lt_10__period1__full__histgb,0.2,0.4732824427480916,0.4732824427480916,0.0,0.62,0.62,0.0,0,0,119,143,0.8321678321678322,0.9083969465648855
uci320,portuguese,fail_g3_lt_10,period1,histgb,c13_selected,no_sensitive_wellbeing,full,uci320__portuguese__fail_g3_lt_10__period1__no_sensitive_wellbeing__histgb,uci320__portuguese__fail_g3_lt_10__period1__full__histgb,0.3,0.4205128205128205,0.4153846153846154,0.00512820512820511,0.82,0.81,0.009999999999999898,1,-1,172,218,0.7889908256880734,0.882051282051282
uci320,portuguese,fail_g3_lt_10,period1,histgb,c13_selected,school_observable_only,full,uci320__portuguese__fail_g3_lt_10__period1__school_observable_only__histgb,uci320__portuguese__fail_g3_lt_10__period1__full__histgb,0.05,0.6470588235294118,0.5882352941176471,0.05882352941176472,0.22,0.2,0.01999999999999999,2,-2,23,45,0.5111111111111111,0.6764705882352942
uci320,portuguese,fail_g3_lt_10,period1,histgb,c13_selected,school_observable_only,full,uci320__portuguese__fail_g3_lt_10__period1__school_observable_only__histgb,uci320__portuguese__fail_g3_lt_10__period1__full__histgb,0.1,0.5606060606060606,0.5909090909090909,-0.030303030303030387,0.37,0.39,-0.020000000000000018,-2,2,48,84,0.5714285714285714,0.7272727272727273
uci320,portuguese,fail_g3_lt_10,period1,histgb,c13_selected,school_observable_only,full,uci320__portuguese__fail_g3_lt_10__period1__school_observable_only__histgb,uci320__portuguese__fail_g3_lt_10__period1__full__histgb,0.2,0.4732824427480916,0.4732824427480916,0.0,0.62,0.62,0.0,0,0,104,158,0.6582278481012658,0.7938931297709924
uci320,portuguese,fail_g3_lt_10,period1,histgb,c13_selected,school_observable_only,full,uci320__portuguese__fail_g3_lt_10__period1__school_observable_only__histgb,uci320__portuguese__fail_g3_lt_10__period1__full__histgb,0.3,0.4,0.4153846153846154,-0.015384615384615385,0.78,0.81,-0.030000000000000027,-3,3,161,229,0.7030567685589519,0.8256410256410256
uci320,portuguese,fail_g3_lt_10,period1,histgb,c13_selected,targeted_no_sex,full,uci320__portuguese__fail_g3_lt_10__period1__targeted_no_sex__histgb,uci320__portuguese__fail_g3_lt_10__period1__full__histgb,0.05,0.6176470588235294,0.5882352941176471,0.02941176470588236,0.21,0.2,0.009999999999999981,1,-1,30,38,0.7894736842105263,0.8823529411764706
uci320,portuguese,fail_g3_lt_10,period1,histgb,c13_selected,targeted_no_sex,full,uci320__portuguese__fail_g3_lt_10__period1__targeted_no_sex__histgb,uci320__portuguese__fail_g3_lt_10__period1__full__histgb,0.1,0.5454545454545454,0.5909090909090909,-0.045454545454545525,0.36,0.39,-0.030000000000000027,-3,3,58,74,0.7837837837837838,0.8787878787878788
uci320,portuguese,fail_g3_lt_10,period1,histgb,c13_selected,targeted_no_sex,full,uci320__portuguese__fail_g3_lt_10__period1__targeted_no_sex__histgb,uci320__portuguese__fail_g3_lt_10__period1__full__histgb,0.2,0.48091603053435117,0.4732824427480916,0.007633587786259555,0.63,0.62,0.010000000000000009,1,-1,120,142,0.8450704225352113,0.916030534351145
uci320,portuguese,fail_g3_lt_10,period1,histgb,c13_selected,targeted_no_sex,full,uci320__portuguese__fail_g3_lt_10__period1__targeted_no_sex__histgb,uci320__portuguese__fail_g3_lt_10__period1__full__histgb,0.3,0.41025641025641024,0.4153846153846154,-0.0051282051282051655,0.8,0.81,-0.010000000000000009,-1,1,180,210,0.8571428571428571,0.9230769230769231
uci320,portuguese,fail_g3_lt_10,period2,histgb,c13_selected,no_demographic_family,full,uci320__portuguese__fail_g3_lt_10__period2__no_demographic_family__histgb,uci320__portuguese__fail_g3_lt_10__period2__full__histgb,0.05,0.8529411764705882,0.8529411764705882,0.0,0.29,0.29,0.0,0,0,27,41,0.6585365853658537,0.7941176470588235
uci320,portuguese,fail_g3_lt_10,period2,histgb,c13_selected,no_demographic_family,full,uci320__portuguese__fail_g3_lt_10__period2__no_demographic_family__histgb,uci320__portuguese__fail_g3_lt_10__period2__full__histgb,0.1,0.7121212121212122,0.7272727272727273,-0.015151515151515138,0.47,0.48,-0.010000000000000009,-1,1,54,78,0.6923076923076923,0.8181818181818182
uci320,portuguese,fail_g3_lt_10,period2,histgb,c13_selected,no_demographic_family,full,uci320__portuguese__fail_g3_lt_10__period2__no_demographic_family__histgb,uci320__portuguese__fail_g3_lt_10__period2__full__histgb,0.2,0.5419847328244275,0.5648854961832062,-0.022900763358778664,0.71,0.74,-0.030000000000000027,-3,3,119,143,0.8321678321678322,0.9083969465648855
uci320,portuguese,fail_g3_lt_10,period2,histgb,c13_selected,no_demographic_family,full,uci320__portuguese__fail_g3_lt_10__period2__no_demographic_family__histgb,uci320__portuguese__fail_g3_lt_10__period2__full__histgb,0.3,0.441025641025641,0.4307692307692308,0.01025641025641022,0.86,0.84,0.020000000000000018,2,-2,172,218,0.7889908256880734,0.882051282051282
uci320,portuguese,fail_g3_lt_10,period2,histgb,c13_selected,no_sensitive_wellbeing,full,uci320__portuguese__fail_g3_lt_10__period2__no_sensitive_wellbeing__histgb,uci320__portuguese__fail_g3_lt_10__period2__full__histgb,0.05,0.9117647058823529,0.8529411764705882,0.05882352941176472,0.31,0.29,0.020000000000000018,2,-2,27,41,0.6585365853658537,0.7941176470588235
uci320,portuguese,fail_g3_lt_10,period2,histgb,c13_selected,no_sensitive_wellbeing,full,uci320__portuguese__fail_g3_lt_10__period2__no_sensitive_wellbeing__histgb,uci320__portuguese__fail_g3_lt_10__period2__full__histgb,0.1,0.7272727272727273,0.7272727272727273,0.0,0.48,0.48,0.0,0,0,58,74,0.7837837837837838,0.8787878787878788
uci320,portuguese,fail_g3_lt_10,period2,histgb,c13_selected,no_sensitive_wellbeing,full,uci320__portuguese__fail_g3_lt_10__period2__no_sensitive_wellbeing__histgb,uci320__portuguese__fail_g3_lt_10__period2__full__histgb,0.2,0.5572519083969466,0.5648854961832062,-0.007633587786259555,0.73,0.74,-0.010000000000000009,-1,1,122,140,0.8714285714285714,0.9312977099236641
uci320,portuguese,fail_g3_lt_10,period2,histgb,c13_selected,no_sensitive_wellbeing,full,uci320__portuguese__fail_g3_lt_10__period2__no_sensitive_wellbeing__histgb,uci320__portuguese__fail_g3_lt_10__period2__full__histgb,0.3,0.4256410256410256,0.4307692307692308,-0.0051282051282051655,0.83,0.84,-0.010000000000000009,-1,1,170,220,0.7727272727272727,0.8717948717948718
uci320,portuguese,fail_g3_lt_10,period2,histgb,c13_selected,school_observable_only,full,uci320__portuguese__fail_g3_lt_10__period2__school_observable_only__histgb,uci320__portuguese__fail_g3_lt_10__period2__full__histgb,0.05,0.8823529411764706,0.8529411764705882,0.02941176470588236,0.3,0.29,0.010000000000000009,1,-1,25,43,0.5813953488372093,0.7352941176470589
uci320,portuguese,fail_g3_lt_10,period2,histgb,c13_selected,school_observable_only,full,uci320__portuguese__fail_g3_lt_10__period2__school_observable_only__histgb,uci320__portuguese__fail_g3_lt_10__period2__full__histgb,0.1,0.7424242424242424,0.7272727272727273,0.015151515151515138,0.49,0.48,0.010000000000000009,1,-1,54,78,0.6923076923076923,0.8181818181818182
uci320,portuguese,fail_g3_lt_10,period2,histgb,c13_selected,school_observable_only,full,uci320__portuguese__fail_g3_lt_10__period2__school_observable_only__histgb,uci320__portuguese__fail_g3_lt_10__period2__full__histgb,0.2,0.5419847328244275,0.5648854961832062,-0.022900763358778664,0.71,0.74,-0.030000000000000027,-3,3,115,147,0.782312925170068,0.8778625954198473
uci320,portuguese,fail_g3_lt_10,period2,histgb,c13_selected,school_observable_only,full,uci320__portuguese__fail_g3_lt_10__period2__school_observable_only__histgb,uci320__portuguese__fail_g3_lt_10__period2__full__histgb,0.3,0.4358974358974359,0.4307692307692308,0.00512820512820511,0.85,0.84,0.010000000000000009,1,-1,161,229,0.7030567685589519,0.8256410256410256
uci320,portuguese,fail_g3_lt_10,period2,histgb,c13_selected,targeted_no_sex,full,uci320__portuguese__fail_g3_lt_10__period2__targeted_no_sex__histgb,uci320__portuguese__fail_g3_lt_10__period2__full__histgb,0.05,0.8823529411764706,0.8529411764705882,0.02941176470588236,0.3,0.29,0.010000000000000009,1,-1,31,37,0.8378378378378378,0.9117647058823529
uci320,portuguese,fail_g3_lt_10,period2,histgb,c13_selected,targeted_no_sex,full,uci320__portuguese__fail_g3_lt_10__period2__targeted_no_sex__histgb,uci320__portuguese__fail_g3_lt_10__period2__full__histgb,0.1,0.7121212121212122,0.7272727272727273,-0.015151515151515138,0.47,0.48,-0.010000000000000009,-1,1,61,71,0.8591549295774648,0.9242424242424242
uci320,portuguese,fail_g3_lt_10,period2,histgb,c13_selected,targeted_no_sex,full,uci320__portuguese__fail_g3_lt_10__period2__targeted_no_sex__histgb,uci320__portuguese__fail_g3_lt_10__period2__full__histgb,0.2,0.5648854961832062,0.5648854961832062,0.0,0.74,0.74,0.0,0,0,126,136,0.9264705882352942,0.9618320610687023
uci320,portuguese,fail_g3_lt_10,period2,histgb,c13_selected,targeted_no_sex,full,uci320__portuguese__fail_g3_lt_10__period2__targeted_no_sex__histgb,uci320__portuguese__fail_g3_lt_10__period2__full__histgb,0.3,0.4358974358974359,0.4307692307692308,0.00512820512820511,0.85,0.84,0.010000000000000009,1,-1,181,209,0.8660287081339713,0.9282051282051282
uci697,all,dropout_vs_graduate,enrollment,histgb,c13_selected,legacy_operational,full,uci697__all__dropout_vs_graduate__enrollment__legacy_operational__histgb,uci697__all__dropout_vs_graduate__enrollment__full__histgb,0.05,0.6243386243386243,0.9735449735449735,-0.3492063492063492,0.08304011259676285,0.1294862772695285,-0.04644616467276565,-66,66,43,335,0.12835820895522387,0.2275132275132275
uci697,all,dropout_vs_graduate,enrollment,histgb,c13_selected,legacy_operational,full,uci697__all__dropout_vs_graduate__enrollment__legacy_operational__histgb,uci697__all__dropout_vs_graduate__enrollment__full__histgb,0.1,0.5849056603773585,0.9110512129380054,-0.3261455525606469,0.15270935960591134,0.2378606615059817,-0.08515130190007036,-121,121,112,630,0.17777777777777778,0.3018867924528302
uci697,all,dropout_vs_graduate,enrollment,histgb,c13_selected,legacy_operational,full,uci697__all__dropout_vs_graduate__enrollment__legacy_operational__histgb,uci697__all__dropout_vs_graduate__enrollment__full__histgb,0.2,0.557980900409277,0.781718963165075,-0.2237380627557981,0.28782547501759326,0.4032371569317382,-0.11541168191414497,-164,164,318,1148,0.2770034843205575,0.43383356070941337
uci697,all,dropout_vs_graduate,enrollment,histgb,c13_selected,legacy_operational,full,uci697__all__dropout_vs_graduate__enrollment__legacy_operational__histgb,uci697__all__dropout_vs_graduate__enrollment__full__histgb,0.3,0.5191605839416058,0.698905109489051,-0.17974452554744524,0.4004222378606615,0.5390570021111893,-0.13863476425052784,-197,197,590,1602,0.3682896379525593,0.5383211678832117
uci697,all,dropout_vs_graduate,enrollment,histgb,c13_selected,no_direct_personal,full,uci697__all__dropout_vs_graduate__enrollment__no_direct_personal__histgb,uci697__all__dropout_vs_graduate__enrollment__full__histgb,0.05,0.9629629629629629,0.9735449735449735,-0.010582010582010581,0.12807881773399016,0.1294862772695285,-0.0014074595355383357,-2,2,148,230,0.6434782608695652,0.783068783068783
uci697,all,dropout_vs_graduate,enrollment,histgb,c13_selected,no_direct_personal,full,uci697__all__dropout_vs_graduate__enrollment__no_direct_personal__histgb,uci697__all__dropout_vs_graduate__enrollment__full__histgb,0.1,0.9056603773584906,0.9110512129380054,-0.005390835579514808,0.23645320197044334,0.2378606615059817,-0.0014074595355383634,-2,2,318,424,0.75,0.8571428571428571
uci697,all,dropout_vs_graduate,enrollment,histgb,c13_selected,no_direct_personal,full,uci697__all__dropout_vs_graduate__enrollment__no_direct_personal__histgb,uci697__all__dropout_vs_graduate__enrollment__full__histgb,0.2,0.7803547066848567,0.781718963165075,-0.0013642564802183177,0.40253342716396906,0.4032371569317382,-0.0007037297677691678,-1,1,639,827,0.7726723095525998,0.8717598908594816
uci697,all,dropout_vs_graduate,enrollment,histgb,c13_selected,no_direct_personal,full,uci697__all__dropout_vs_graduate__enrollment__no_direct_personal__histgb,uci697__all__dropout_vs_graduate__enrollment__full__histgb,0.3,0.6888686131386861,0.698905109489051,-0.010036496350364965,0.5313159746657283,0.5390570021111893,-0.007741027445461013,-11,11,934,1258,0.7424483306836248,0.8521897810218978
uci697,all,dropout_vs_graduate,enrollment,histgb,c13_selected,no_family_financial,full,uci697__all__dropout_vs_graduate__enrollment__no_family_financial__histgb,uci697__all__dropout_vs_graduate__enrollment__full__histgb,0.05,0.7354497354497355,0.9735449735449735,-0.23809523809523803,0.09781843771991555,0.1294862772695285,-0.03166783954961294,-45,45,56,322,0.17391304347826086,0.2962962962962963
uci697,all,dropout_vs_graduate,enrollment,histgb,c13_selected,no_family_financial,full,uci697__all__dropout_vs_graduate__enrollment__no_family_financial__histgb,uci697__all__dropout_vs_graduate__enrollment__full__histgb,0.1,0.692722371967655,0.9110512129380054,-0.21832884097035044,0.18085855031667838,0.2378606615059817,-0.05700211118930332,-81,81,147,595,0.24705882352941178,0.39622641509433965
uci697,all,dropout_vs_graduate,enrollment,histgb,c13_selected,no_family_financial,full,uci697__all__dropout_vs_graduate__enrollment__no_family_financial__histgb,uci697__all__dropout_vs_graduate__enrollment__full__histgb,0.2,0.6207366984993179,0.781718963165075,-0.16098226466575716,0.32019704433497537,0.4032371569317382,-0.08304011259676286,-118,118,395,1071,0.36881419234360413,0.538881309686221
uci697,all,dropout_vs_graduate,enrollment,histgb,c13_selected,no_family_financial,full,uci697__all__dropout_vs_graduate__enrollment__no_family_financial__histgb,uci697__all__dropout_vs_graduate__enrollment__full__histgb,0.3,0.573905109489051,0.698905109489051,-0.125,0.4426460239268121,0.5390570021111893,-0.09641097818437722,-137,137,710,1482,0.47908232118758437,0.6478102189781022
uci697,all,dropout_vs_graduate,enrollment,histgb,c13_selected,targeted_gender_special_needs,full,uci697__all__dropout_vs_graduate__enrollment__targeted_gender_special_needs__histgb,uci697__all__dropout_vs_graduate__enrollment__full__histgb,0.05,0.9682539682539683,0.9735449735449735,-0.005291005291005235,0.12878254750175933,0.1294862772695285,-0.0007037297677691678,-1,1,157,221,0.7104072398190046,0.8306878306878307
uci697,all,dropout_vs_graduate,enrollment,histgb,c13_selected,targeted_gender_special_needs,full,uci697__all__dropout_vs_graduate__enrollment__targeted_gender_special_needs__histgb,uci697__all__dropout_vs_graduate__enrollment__full__histgb,0.1,0.9191374663072777,0.9110512129380054,0.008086253369272267,0.23997185080928923,0.2378606615059817,0.0021111893033075313,3,-3,337,405,0.8320987654320988,0.9083557951482479
uci697,all,dropout_vs_graduate,enrollment,histgb,c13_selected,targeted_gender_special_needs,full,uci697__all__dropout_vs_graduate__enrollment__targeted_gender_special_needs__histgb,uci697__all__dropout_vs_graduate__enrollment__full__histgb,0.2,0.7830832196452933,0.781718963165075,0.0013642564802182067,0.4039408866995074,0.4032371569317382,0.0007037297677691678,1,-1,679,787,0.8627700127064803,0.9263301500682128
uci697,all,dropout_vs_graduate,enrollment,histgb,c13_selected,targeted_gender_special_needs,full,uci697__all__dropout_vs_graduate__enrollment__targeted_gender_special_needs__histgb,uci697__all__dropout_vs_graduate__enrollment__full__histgb,0.3,0.6897810218978102,0.698905109489051,-0.009124087591240837,0.5320197044334976,0.5390570021111893,-0.0070372976776917895,-10,10,977,1215,0.8041152263374486,0.8914233576642335
uci697,all,dropout_vs_graduate,semester1,histgb,c13_selected,legacy_operational,full,uci697__all__dropout_vs_graduate__semester1__legacy_operational__histgb,uci697__all__dropout_vs_graduate__semester1__full__histgb,0.05,0.9682539682539683,1.0,-0.031746031746031744,0.12878254750175933,0.1330049261083744,-0.004222378606615063,-6,6,92,286,0.32167832167832167,0.48677248677248675
uci697,all,dropout_vs_graduate,semester1,histgb,c13_selected,legacy_operational,full,uci697__all__dropout_vs_graduate__semester1__legacy_operational__histgb,uci697__all__dropout_vs_graduate__semester1__full__histgb,0.1,0.9730458221024259,0.9865229110512129,-0.013477088948787075,0.25404644616467276,0.25756509500351865,-0.0035186488388458947,-5,5,245,497,0.49295774647887325,0.660377358490566
uci697,all,dropout_vs_graduate,semester1,histgb,c13_selected,legacy_operational,full,uci697__all__dropout_vs_graduate__semester1__legacy_operational__histgb,uci697__all__dropout_vs_graduate__semester1__full__histgb,0.2,0.8703956343792633,0.9058663028649386,-0.03547066848567537,0.4489795918367347,0.4672765657987333,-0.018296973961998586,-26,26,552,914,0.6039387308533917,0.7530695770804912
uci697,all,dropout_vs_graduate,semester1,histgb,c13_selected,legacy_operational,full,uci697__all__dropout_vs_graduate__semester1__legacy_operational__histgb,uci697__all__dropout_vs_graduate__semester1__full__histgb,0.3,0.7764598540145985,0.8120437956204379,-0.03558394160583944,0.5988740323715693,0.6263194933145672,-0.027445460942997824,-39,39,893,1299,0.6874518860662048,0.8147810218978102
uci697,all,dropout_vs_graduate,semester1,histgb,c13_selected,no_direct_personal,full,uci697__all__dropout_vs_graduate__semester1__no_direct_personal__histgb,uci697__all__dropout_vs_graduate__semester1__full__histgb,0.05,0.9947089947089947,1.0,-0.005291005291005346,0.13230119634060522,0.1330049261083744,-0.0007037297677691678,-1,1,157,221,0.7104072398190046,0.8306878306878307
uci697,all,dropout_vs_graduate,semester1,histgb,c13_selected,no_direct_personal,full,uci697__all__dropout_vs_graduate__semester1__no_direct_personal__histgb,uci697__all__dropout_vs_graduate__semester1__full__histgb,0.1,0.9865229110512129,0.9865229110512129,0.0,0.25756509500351865,0.25756509500351865,0.0,0,0,326,416,0.7836538461538461,0.8787061994609164
uci697,all,dropout_vs_graduate,semester1,histgb,c13_selected,no_direct_personal,full,uci697__all__dropout_vs_graduate__semester1__no_direct_personal__histgb,uci697__all__dropout_vs_graduate__semester1__full__histgb,0.2,0.9058663028649386,0.9058663028649386,0.0,0.4672765657987333,0.4672765657987333,0.0,0,0,678,788,0.8604060913705583,0.9249658935879945
uci697,all,dropout_vs_graduate,semester1,histgb,c13_selected,no_direct_personal,full,uci697__all__dropout_vs_graduate__semester1__no_direct_personal__histgb,uci697__all__dropout_vs_graduate__semester1__full__histgb,0.3,0.8120437956204379,0.8120437956204379,0.0,0.6263194933145672,0.6263194933145672,0.0,0,0,1026,1166,0.8799313893653516,0.9361313868613139
uci697,all,dropout_vs_graduate,semester1,histgb,c13_selected,no_family_financial,full,uci697__all__dropout_vs_graduate__semester1__no_family_financial__histgb,uci697__all__dropout_vs_graduate__semester1__full__histgb,0.05,0.9735449735449735,1.0,-0.02645502645502651,0.1294862772695285,0.1330049261083744,-0.0035186488388458947,-5,5,108,270,0.4,0.5714285714285714
uci697,all,dropout_vs_graduate,semester1,histgb,c13_selected,no_family_financial,full,uci697__all__dropout_vs_graduate__semester1__no_family_financial__histgb,uci697__all__dropout_vs_graduate__semester1__full__histgb,0.1,0.9730458221024259,0.9865229110512129,-0.013477088948787075,0.25404644616467276,0.25756509500351865,-0.0035186488388458947,-5,5,259,483,0.5362318840579711,0.6981132075471698
uci697,all,dropout_vs_graduate,semester1,histgb,c13_selected,no_family_financial,full,uci697__all__dropout_vs_graduate__semester1__no_family_financial__histgb,uci697__all__dropout_vs_graduate__semester1__full__histgb,0.2,0.8799454297407913,0.9058663028649386,-0.02592087312414737,0.4539057002111189,0.4672765657987333,-0.013370865587614356,-19,19,582,884,0.6583710407239819,0.7939972714870396
uci697,all,dropout_vs_graduate,semester1,histgb,c13_selected,no_family_financial,full,uci697__all__dropout_vs_graduate__semester1__no_family_financial__histgb,uci697__all__dropout_vs_graduate__semester1__full__histgb,0.3,0.7883211678832117,0.8120437956204379,-0.02372262773722622,0.6080225193525686,0.6263194933145672,-0.018296973961998586,-26,26,942,1250,0.7536,0.8594890510948905
uci697,all,dropout_vs_graduate,semester1,histgb,c13_selected,targeted_gender_special_needs,full,uci697__all__dropout_vs_graduate__semester1__targeted_gender_special_needs__histgb,uci697__all__dropout_vs_graduate__semester1__full__histgb,0.05,1.0,1.0,0.0,0.1330049261083744,0.1330049261083744,0.0,0,0,166,212,0.7830188679245284,0.8783068783068783
uci697,all,dropout_vs_graduate,semester1,histgb,c13_selected,targeted_gender_special_needs,full,uci697__all__dropout_vs_graduate__semester1__targeted_gender_special_needs__histgb,uci697__all__dropout_vs_graduate__semester1__full__histgb,0.1,0.9865229110512129,0.9865229110512129,0.0,0.25756509500351865,0.25756509500351865,0.0,0,0,340,402,0.845771144278607,0.9164420485175202
uci697,all,dropout_vs_graduate,semester1,histgb,c13_selected,targeted_gender_special_needs,full,uci697__all__dropout_vs_graduate__semester1__targeted_gender_special_needs__histgb,uci697__all__dropout_vs_graduate__semester1__full__histgb,0.2,0.903137789904502,0.9058663028649386,-0.0027285129604366354,0.46586910626319494,0.4672765657987333,-0.0014074595355383357,-2,2,692,774,0.8940568475452196,0.9440654843110505
uci697,all,dropout_vs_graduate,semester1,histgb,c13_selected,targeted_gender_special_needs,full,uci697__all__dropout_vs_graduate__semester1__targeted_gender_special_needs__histgb,uci697__all__dropout_vs_graduate__semester1__full__histgb,0.3,0.8074817518248175,0.8120437956204379,-0.0045620437956204185,0.6228008444757214,0.6263194933145672,-0.0035186488388457837,-5,5,1040,1152,0.9027777777777778,0.948905109489051
