dataset,subject,outcome,stage,model,grid,policy,comparator,config_id,full_config_id,metric,restricted,full,difference
oulad,all,future_fail_or_withdrawn,day14,histgb,standard,loo_no_age_band,full,day14__loo_no_age_band__standard,day14__full__standard,average_precision,0.6364594005815677,0.6366484237853657,-0.00018902320379798887
oulad,all,future_fail_or_withdrawn,day14,histgb,standard,loo_no_age_band,full,day14__loo_no_age_band__standard,day14__full__standard,auroc,0.707330117484359,0.7073367344575571,-6.616973198037002e-06
oulad,all,future_fail_or_withdrawn,day14,histgb,standard,loo_no_age_band,full,day14__loo_no_age_band__standard,day14__full__standard,brier,0.21538512252406697,0.2153607814550062,2.434106906076816e-05
oulad,all,future_fail_or_withdrawn,day14,histgb,standard,loo_no_disability,full,day14__loo_no_disability__standard,day14__full__standard,average_precision,0.6351135035240372,0.6366484237853657,-0.0015349202613285096
oulad,all,future_fail_or_withdrawn,day14,histgb,standard,loo_no_disability,full,day14__loo_no_disability__standard,day14__full__standard,auroc,0.7063924214860682,0.7073367344575571,-0.000944312971488892
oulad,all,future_fail_or_withdrawn,day14,histgb,standard,loo_no_disability,full,day14__loo_no_disability__standard,day14__full__standard,brier,0.21570806487201172,0.2153607814550062,0.00034728341700551724
oulad,all,future_fail_or_withdrawn,day14,histgb,standard,loo_no_gender,full,day14__loo_no_gender__standard,day14__full__standard,average_precision,0.6365496309012065,0.6366484237853657,-9.8792884159149e-05
oulad,all,future_fail_or_withdrawn,day14,histgb,standard,loo_no_gender,full,day14__loo_no_gender__standard,day14__full__standard,auroc,0.7074051492340144,0.7073367344575571,6.84147764573595e-05
oulad,all,future_fail_or_withdrawn,day14,histgb,standard,loo_no_gender,full,day14__loo_no_gender__standard,day14__full__standard,brier,0.21535997750942196,0.2153607814550062,-8.039455842434595e-07
oulad,all,future_fail_or_withdrawn,day14,histgb,standard,loo_no_highest_education,full,day14__loo_no_highest_education__standard,day14__full__standard,average_precision,0.6229266846734398,0.6366484237853657,-0.013721739111925868
oulad,all,future_fail_or_withdrawn,day14,histgb,standard,loo_no_highest_education,full,day14__loo_no_highest_education__standard,day14__full__standard,auroc,0.69935888619326,0.7073367344575571,-0.007977848264297038
oulad,all,future_fail_or_withdrawn,day14,histgb,standard,loo_no_highest_education,full,day14__loo_no_highest_education__standard,day14__full__standard,brier,0.21804749844700744,0.2153607814550062,0.002686716992001237
oulad,all,future_fail_or_withdrawn,day14,histgb,standard,loo_no_imd_band,full,day14__loo_no_imd_band__standard,day14__full__standard,average_precision,0.6326606597847907,0.6366484237853657,-0.003987764000574989
oulad,all,future_fail_or_withdrawn,day14,histgb,standard,loo_no_imd_band,full,day14__loo_no_imd_band__standard,day14__full__standard,auroc,0.7044027449095388,0.7073367344575571,-0.0029339895480182676
oulad,all,future_fail_or_withdrawn,day14,histgb,standard,loo_no_imd_band,full,day14__loo_no_imd_band__standard,day14__full__standard,brier,0.21643061211618947,0.2153607814550062,0.0010698306611832686
oulad,all,future_fail_or_withdrawn,day14,histgb,standard,loo_no_region,full,day14__loo_no_region__standard,day14__full__standard,average_precision,0.6366715365147795,0.6366484237853657,2.3112729413798938e-05
oulad,all,future_fail_or_withdrawn,day14,histgb,standard,loo_no_region,full,day14__loo_no_region__standard,day14__full__standard,auroc,0.7074925405443216,0.7073367344575571,0.00015580608676457608
oulad,all,future_fail_or_withdrawn,day14,histgb,standard,loo_no_region,full,day14__loo_no_region__standard,day14__full__standard,brier,0.21520259277142625,0.2153607814550062,-0.0001581886835799462
oulad,all,future_fail_or_withdrawn,day14,histgb,standard,minimized,full,day14__minimized__standard,day14__full__standard,average_precision,0.6150582954510389,0.6366484237853657,-0.02159012833432683
oulad,all,future_fail_or_withdrawn,day14,histgb,standard,minimized,full,day14__minimized__standard,day14__full__standard,auroc,0.6911683731367904,0.7073367344575571,-0.01616836132076671
oulad,all,future_fail_or_withdrawn,day14,histgb,standard,minimized,full,day14__minimized__standard,day14__full__standard,brier,0.22030333576891256,0.2153607814550062,0.004942554313906361
oulad,all,future_fail_or_withdrawn,day14,histgb,standard,partial_gender_disability,full,day14__partial_gender_disability__standard,day14__full__standard,average_precision,0.6332279765393463,0.6366484237853657,-0.00342044724601942
oulad,all,future_fail_or_withdrawn,day14,histgb,standard,partial_gender_disability,full,day14__partial_gender_disability__standard,day14__full__standard,auroc,0.7054961997305002,0.7073367344575571,-0.0018405347270569195
oulad,all,future_fail_or_withdrawn,day14,histgb,standard,partial_gender_disability,full,day14__partial_gender_disability__standard,day14__full__standard,brier,0.21607840314053772,0.2153607814550062,0.0007176216855315221
oulad,all,future_fail_or_withdrawn,day28,histgb,standard,minimized,full,day28__minimized__standard,day28__full__standard,average_precision,0.664315453665089,0.6799420283695042,-0.015626574704415197
oulad,all,future_fail_or_withdrawn,day28,histgb,standard,minimized,full,day28__minimized__standard,day28__full__standard,auroc,0.7198290353819541,0.7353842481774057,-0.015555212795451578
oulad,all,future_fail_or_withdrawn,day28,histgb,standard,minimized,full,day28__minimized__standard,day28__full__standard,brier,0.20560131243744478,0.20120978866851247,0.004391523768932315
oulad,all,future_fail_or_withdrawn,day28,histgb,standard,partial_gender_disability,full,day28__partial_gender_disability__standard,day28__full__standard,average_precision,0.6800527029209623,0.6799420283695042,0.0001106745514580787
oulad,all,future_fail_or_withdrawn,day28,histgb,standard,partial_gender_disability,full,day28__partial_gender_disability__standard,day28__full__standard,auroc,0.7348146264413822,0.7353842481774057,-0.0005696217360234845
oulad,all,future_fail_or_withdrawn,day28,histgb,standard,partial_gender_disability,full,day28__partial_gender_disability__standard,day28__full__standard,brier,0.20133869092828585,0.20120978866851247,0.00012890225977338354
oulad,all,future_fail_or_withdrawn,day42,histgb,standard,loo_no_age_band,full,day42__loo_no_age_band__standard,day42__full__standard,average_precision,0.6958765824379238,0.6943168428968944,0.0015597395410293924
oulad,all,future_fail_or_withdrawn,day42,histgb,standard,loo_no_age_band,full,day42__loo_no_age_band__standard,day42__full__standard,auroc,0.7605271964678466,0.7603274961870287,0.00019970028081794933
oulad,all,future_fail_or_withdrawn,day42,histgb,standard,loo_no_age_band,full,day42__loo_no_age_band__standard,day42__full__standard,brier,0.1908251412154663,0.19092349066529288,-9.834944982659022e-05
oulad,all,future_fail_or_withdrawn,day42,histgb,standard,loo_no_disability,full,day42__loo_no_disability__standard,day42__full__standard,average_precision,0.6919890626216849,0.6943168428968944,-0.0023277802752095234
oulad,all,future_fail_or_withdrawn,day42,histgb,standard,loo_no_disability,full,day42__loo_no_disability__standard,day42__full__standard,auroc,0.757803755122146,0.7603274961870287,-0.002523741064882623
oulad,all,future_fail_or_withdrawn,day42,histgb,standard,loo_no_disability,full,day42__loo_no_disability__standard,day42__full__standard,brier,0.19181632551600394,0.19092349066529288,0.0008928348507110662
oulad,all,future_fail_or_withdrawn,day42,histgb,standard,loo_no_gender,full,day42__loo_no_gender__standard,day42__full__standard,average_precision,0.694313208676182,0.6943168428968944,-3.634220712478431e-06
oulad,all,future_fail_or_withdrawn,day42,histgb,standard,loo_no_gender,full,day42__loo_no_gender__standard,day42__full__standard,auroc,0.7598310581649954,0.7603274961870287,-0.000496438022033252
oulad,all,future_fail_or_withdrawn,day42,histgb,standard,loo_no_gender,full,day42__loo_no_gender__standard,day42__full__standard,brier,0.1911405663636373,0.19092349066529288,0.00021707569834442109
oulad,all,future_fail_or_withdrawn,day42,histgb,standard,loo_no_highest_education,full,day42__loo_no_highest_education__standard,day42__full__standard,average_precision,0.6835554388784935,0.6943168428968944,-0.010761404018400977
oulad,all,future_fail_or_withdrawn,day42,histgb,standard,loo_no_highest_education,full,day42__loo_no_highest_education__standard,day42__full__standard,auroc,0.7509547003053649,0.7603274961870287,-0.009372795881663731
oulad,all,future_fail_or_withdrawn,day42,histgb,standard,loo_no_highest_education,full,day42__loo_no_highest_education__standard,day42__full__standard,brier,0.19446951814904784,0.19092349066529288,0.00354602748375496
oulad,all,future_fail_or_withdrawn,day42,histgb,standard,loo_no_imd_band,full,day42__loo_no_imd_band__standard,day42__full__standard,average_precision,0.6925545347142563,0.6943168428968944,-0.001762308182638117
oulad,all,future_fail_or_withdrawn,day42,histgb,standard,loo_no_imd_band,full,day42__loo_no_imd_band__standard,day42__full__standard,auroc,0.7571543584471223,0.7603274961870287,-0.003173137739906351
oulad,all,future_fail_or_withdrawn,day42,histgb,standard,loo_no_imd_band,full,day42__loo_no_imd_band__standard,day42__full__standard,brier,0.19206587520726306,0.19092349066529288,0.0011423845419701872
oulad,all,future_fail_or_withdrawn,day42,histgb,standard,loo_no_region,full,day42__loo_no_region__standard,day42__full__standard,average_precision,0.6960559110687592,0.6943168428968944,0.001739068171864755
oulad,all,future_fail_or_withdrawn,day42,histgb,standard,loo_no_region,full,day42__loo_no_region__standard,day42__full__standard,auroc,0.7609032517853871,0.7603274961870287,0.0005757555983584295
oulad,all,future_fail_or_withdrawn,day42,histgb,standard,loo_no_region,full,day42__loo_no_region__standard,day42__full__standard,brier,0.19057448433434143,0.19092349066529288,-0.00034900633095144573
oulad,all,future_fail_or_withdrawn,day42,histgb,standard,minimized,full,day42__minimized__standard,day42__full__standard,average_precision,0.6798489265535432,0.6943168428968944,-0.014467916343351206
oulad,all,future_fail_or_withdrawn,day42,histgb,standard,minimized,full,day42__minimized__standard,day42__full__standard,auroc,0.7460854142392386,0.7603274961870287,-0.014242081947790086
oulad,all,future_fail_or_withdrawn,day42,histgb,standard,minimized,full,day42__minimized__standard,day42__full__standard,brier,0.19599203381260044,0.19092349066529288,0.005068543147307564
oulad,all,future_fail_or_withdrawn,day42,histgb,standard,partial_gender_disability,full,day42__partial_gender_disability__standard,day42__full__standard,average_precision,0.693443223387538,0.6943168428968944,-0.0008736195093563826
oulad,all,future_fail_or_withdrawn,day42,histgb,standard,partial_gender_disability,full,day42__partial_gender_disability__standard,day42__full__standard,auroc,0.7585028083842821,0.7603274961870287,-0.001824687802746583
oulad,all,future_fail_or_withdrawn,day42,histgb,standard,partial_gender_disability,full,day42__partial_gender_disability__standard,day42__full__standard,brier,0.19149531634549874,0.19092349066529288,0.0005718256802058619
oulad,all,future_fail_or_withdrawn,day42,histgb,standard,strict_enriched_due_process,full,day42__strict_enriched_due_process__standard,day42__full__standard,average_precision,0.613931026698316,0.6943168428968944,-0.08038581619857843
oulad,all,future_fail_or_withdrawn,day42,histgb,standard,strict_enriched_due_process,full,day42__strict_enriched_due_process__standard,day42__full__standard,auroc,0.7041651034984422,0.7603274961870287,-0.05616239268858647
oulad,all,future_fail_or_withdrawn,day42,histgb,standard,strict_enriched_due_process,full,day42__strict_enriched_due_process__standard,day42__full__standard,brier,0.2094740664419571,0.19092349066529288,0.01855057577666422
oulad,all,future_fail_or_withdrawn,day42,histgb,standard,strict_original,full,day42__strict_original__standard,day42__full__standard,average_precision,0.588303512891946,0.6943168428968944,-0.10601333000494839
oulad,all,future_fail_or_withdrawn,day42,histgb,standard,strict_original,full,day42__strict_original__standard,day42__full__standard,auroc,0.6726999334775607,0.7603274961870287,-0.08762756270946792
oulad,all,future_fail_or_withdrawn,day42,histgb,standard,strict_original,full,day42__strict_original__standard,day42__full__standard,brier,0.21642465516273884,0.19092349066529288,0.025501164497445966
oulad,all,future_fail_or_withdrawn,day42,histgb,standard,strict_typed_alternative,full,day42__strict_typed_alternative__standard,day42__full__standard,average_precision,0.5945290957298294,0.6943168428968944,-0.09978774716706507
oulad,all,future_fail_or_withdrawn,day42,histgb,standard,strict_typed_alternative,full,day42__strict_typed_alternative__standard,day42__full__standard,auroc,0.683228152738139,0.7603274961870287,-0.07709934344888969
oulad,all,future_fail_or_withdrawn,day42,histgb,standard,strict_typed_alternative,full,day42__strict_typed_alternative__standard,day42__full__standard,brier,0.2137626720706818,0.19092349066529288,0.02283918140538893
oulad,all,future_fail_or_withdrawn,day56,histgb,standard,minimized,full,day56__minimized__standard,day56__full__standard,average_precision,0.7136650096397279,0.7237203553135708,-0.01005534567384292
oulad,all,future_fail_or_withdrawn,day56,histgb,standard,minimized,full,day56__minimized__standard,day56__full__standard,auroc,0.7706228225563604,0.781315028607497,-0.010692206051136632
oulad,all,future_fail_or_withdrawn,day56,histgb,standard,minimized,full,day56__minimized__standard,day56__full__standard,brier,0.1859511481465748,0.18189666440005575,0.004054483746519039
oulad,all,future_fail_or_withdrawn,day56,histgb,standard,partial_gender_disability,full,day56__partial_gender_disability__standard,day56__full__standard,average_precision,0.7230436726240467,0.7237203553135708,-0.000676682689524144
oulad,all,future_fail_or_withdrawn,day56,histgb,standard,partial_gender_disability,full,day56__partial_gender_disability__standard,day56__full__standard,auroc,0.7802045658401088,0.781315028607497,-0.0011104627673882428
oulad,all,future_fail_or_withdrawn,day56,histgb,standard,partial_gender_disability,full,day56__partial_gender_disability__standard,day56__full__standard,brier,0.18233167499938985,0.18189666440005575,0.0004350105993340958
oulad,all,future_fail_or_withdrawn,day70,histgb,standard,minimized,full,day70__minimized__standard,day70__full__standard,average_precision,0.7292417850889461,0.7378132033622132,-0.008571418273267128
oulad,all,future_fail_or_withdrawn,day70,histgb,standard,minimized,full,day70__minimized__standard,day70__full__standard,auroc,0.7829200394988562,0.7914716052578111,-0.008551565758954882
oulad,all,future_fail_or_withdrawn,day70,histgb,standard,minimized,full,day70__minimized__standard,day70__full__standard,brier,0.1761858589983426,0.17302682127509672,0.0031590377232458833
oulad,all,future_fail_or_withdrawn,day70,histgb,standard,partial_gender_disability,full,day70__partial_gender_disability__standard,day70__full__standard,average_precision,0.7369349394555619,0.7378132033622132,-0.0008782639066513553
oulad,all,future_fail_or_withdrawn,day70,histgb,standard,partial_gender_disability,full,day70__partial_gender_disability__standard,day70__full__standard,auroc,0.7909365149805747,0.7914716052578111,-0.0005350902772364163
oulad,all,future_fail_or_withdrawn,day70,histgb,standard,partial_gender_disability,full,day70__partial_gender_disability__standard,day70__full__standard,brier,0.17330371962078667,0.17302682127509672,0.00027689834568994653
oulad,all,future_fail_or_withdrawn,day90,histgb,standard,minimized,full,day90__minimized__standard,day90__full__standard,average_precision,0.7257105036229439,0.7321889652243373,-0.006478461601393426
oulad,all,future_fail_or_withdrawn,day90,histgb,standard,minimized,full,day90__minimized__standard,day90__full__standard,auroc,0.7861568120903859,0.7926866812373456,-0.006529869146959744
oulad,all,future_fail_or_withdrawn,day90,histgb,standard,minimized,full,day90__minimized__standard,day90__full__standard,brier,0.1724454581935457,0.1703788464442281,0.002066611749317604
oulad,all,future_fail_or_withdrawn,day90,histgb,standard,partial_gender_disability,full,day90__partial_gender_disability__standard,day90__full__standard,average_precision,0.7317700172566144,0.7321889652243373,-0.00041894796772290466
oulad,all,future_fail_or_withdrawn,day90,histgb,standard,partial_gender_disability,full,day90__partial_gender_disability__standard,day90__full__standard,auroc,0.7923035826290095,0.7926866812373456,-0.00038309860833618536
oulad,all,future_fail_or_withdrawn,day90,histgb,standard,partial_gender_disability,full,day90__partial_gender_disability__standard,day90__full__standard,brier,0.17063438416849533,0.1703788464442281,0.00025553772426722965
uci320,mathematics,fail_g3_lt_10,baseline,histgb,c13_selected,no_demographic_family,full,uci320__mathematics__fail_g3_lt_10__baseline__no_demographic_family__histgb,uci320__mathematics__fail_g3_lt_10__baseline__full__histgb,average_precision,0.4578708940308863,0.4324340311527223,0.025436862878164046
uci320,mathematics,fail_g3_lt_10,baseline,histgb,c13_selected,no_demographic_family,full,uci320__mathematics__fail_g3_lt_10__baseline__no_demographic_family__histgb,uci320__mathematics__fail_g3_lt_10__baseline__full__histgb,auroc,0.6486066763425254,0.6181712626995646,0.030435413642960873
uci320,mathematics,fail_g3_lt_10,baseline,histgb,c13_selected,no_demographic_family,full,uci320__mathematics__fail_g3_lt_10__baseline__no_demographic_family__histgb,uci320__mathematics__fail_g3_lt_10__baseline__full__histgb,brier,0.21127192581161536,0.21581566626421766,-0.004543740452602307
uci320,mathematics,fail_g3_lt_10,baseline,histgb,c13_selected,no_sensitive_wellbeing,full,uci320__mathematics__fail_g3_lt_10__baseline__no_sensitive_wellbeing__histgb,uci320__mathematics__fail_g3_lt_10__baseline__full__histgb,average_precision,0.4614659583248235,0.4324340311527223,0.029031927172101235
uci320,mathematics,fail_g3_lt_10,baseline,histgb,c13_selected,no_sensitive_wellbeing,full,uci320__mathematics__fail_g3_lt_10__baseline__no_sensitive_wellbeing__histgb,uci320__mathematics__fail_g3_lt_10__baseline__full__histgb,auroc,0.6345718432510885,0.6181712626995646,0.016400580551523936
uci320,mathematics,fail_g3_lt_10,baseline,histgb,c13_selected,no_sensitive_wellbeing,full,uci320__mathematics__fail_g3_lt_10__baseline__no_sensitive_wellbeing__histgb,uci320__mathematics__fail_g3_lt_10__baseline__full__histgb,brier,0.21141491831479997,0.21581566626421766,-0.004400747949417694
uci320,mathematics,fail_g3_lt_10,baseline,histgb,c13_selected,school_observable_only,full,uci320__mathematics__fail_g3_lt_10__baseline__school_observable_only__histgb,uci320__mathematics__fail_g3_lt_10__baseline__full__histgb,average_precision,0.48606285709949165,0.4324340311527223,0.053628825946769376
uci320,mathematics,fail_g3_lt_10,baseline,histgb,c13_selected,school_observable_only,full,uci320__mathematics__fail_g3_lt_10__baseline__school_observable_only__histgb,uci320__mathematics__fail_g3_lt_10__baseline__full__histgb,auroc,0.6772714078374455,0.6181712626995646,0.05910014513788098
uci320,mathematics,fail_g3_lt_10,baseline,histgb,c13_selected,school_observable_only,full,uci320__mathematics__fail_g3_lt_10__baseline__school_observable_only__histgb,uci320__mathematics__fail_g3_lt_10__baseline__full__histgb,brier,0.20419672440601755,0.21581566626421766,-0.011618941858200116
uci320,mathematics,fail_g3_lt_10,baseline,histgb,c13_selected,targeted_no_sex,full,uci320__mathematics__fail_g3_lt_10__baseline__targeted_no_sex__histgb,uci320__mathematics__fail_g3_lt_10__baseline__full__histgb,average_precision,0.42895773449208724,0.4324340311527223,-0.0034762966606350365
uci320,mathematics,fail_g3_lt_10,baseline,histgb,c13_selected,targeted_no_sex,full,uci320__mathematics__fail_g3_lt_10__baseline__targeted_no_sex__histgb,uci320__mathematics__fail_g3_lt_10__baseline__full__histgb,auroc,0.6168359941944848,0.6181712626995646,-0.0013352685050798119
uci320,mathematics,fail_g3_lt_10,baseline,histgb,c13_selected,targeted_no_sex,full,uci320__mathematics__fail_g3_lt_10__baseline__targeted_no_sex__histgb,uci320__mathematics__fail_g3_lt_10__baseline__full__histgb,brier,0.21606532282998064,0.21581566626421766,0.000249656565762979
uci320,mathematics,fail_g3_lt_10,baseline,logistic,c13_selected,no_demographic_family,full,uci320__mathematics__fail_g3_lt_10__baseline__no_demographic_family__logistic,uci320__mathematics__fail_g3_lt_10__baseline__full__logistic,average_precision,0.47569333597561336,0.45089903762114153,0.024794298354471833
uci320,mathematics,fail_g3_lt_10,baseline,logistic,c13_selected,no_demographic_family,full,uci320__mathematics__fail_g3_lt_10__baseline__no_demographic_family__logistic,uci320__mathematics__fail_g3_lt_10__baseline__full__logistic,auroc,0.6366618287373005,0.6375616835994196,-0.0008998548621190761
uci320,mathematics,fail_g3_lt_10,baseline,logistic,c13_selected,no_demographic_family,full,uci320__mathematics__fail_g3_lt_10__baseline__no_demographic_family__logistic,uci320__mathematics__fail_g3_lt_10__baseline__full__logistic,brier,0.21106922159239358,0.2134915837461124,-0.0024223621537188267
uci320,mathematics,fail_g3_lt_10,baseline,logistic,c13_selected,no_sensitive_wellbeing,full,uci320__mathematics__fail_g3_lt_10__baseline__no_sensitive_wellbeing__logistic,uci320__mathematics__fail_g3_lt_10__baseline__full__logistic,average_precision,0.4691487662598537,0.45089903762114153,0.01824972863871216
uci320,mathematics,fail_g3_lt_10,baseline,logistic,c13_selected,no_sensitive_wellbeing,full,uci320__mathematics__fail_g3_lt_10__baseline__no_sensitive_wellbeing__logistic,uci320__mathematics__fail_g3_lt_10__baseline__full__logistic,auroc,0.6486502177068214,0.6375616835994196,0.011088534107401848
uci320,mathematics,fail_g3_lt_10,baseline,logistic,c13_selected,no_sensitive_wellbeing,full,uci320__mathematics__fail_g3_lt_10__baseline__no_sensitive_wellbeing__logistic,uci320__mathematics__fail_g3_lt_10__baseline__full__logistic,brier,0.21162764811158408,0.2134915837461124,-0.0018639356345283298
uci320,mathematics,fail_g3_lt_10,baseline,logistic,c13_selected,school_observable_only,full,uci320__mathematics__fail_g3_lt_10__baseline__school_observable_only__logistic,uci320__mathematics__fail_g3_lt_10__baseline__full__logistic,average_precision,0.4959583235525886,0.45089903762114153,0.04505928593144709
uci320,mathematics,fail_g3_lt_10,baseline,logistic,c13_selected,school_observable_only,full,uci320__mathematics__fail_g3_lt_10__baseline__school_observable_only__logistic,uci320__mathematics__fail_g3_lt_10__baseline__full__logistic,auroc,0.6470391872278667,0.6375616835994196,0.009477503628447126
uci320,mathematics,fail_g3_lt_10,baseline,logistic,c13_selected,school_observable_only,full,uci320__mathematics__fail_g3_lt_10__baseline__school_observable_only__logistic,uci320__mathematics__fail_g3_lt_10__baseline__full__logistic,brier,0.20976976469414801,0.2134915837461124,-0.0037218190519643923
uci320,mathematics,fail_g3_lt_10,baseline,logistic,c13_selected,targeted_no_sex,full,uci320__mathematics__fail_g3_lt_10__baseline__targeted_no_sex__logistic,uci320__mathematics__fail_g3_lt_10__baseline__full__logistic,average_precision,0.45663989458350035,0.45089903762114153,0.00574085696235882
uci320,mathematics,fail_g3_lt_10,baseline,logistic,c13_selected,targeted_no_sex,full,uci320__mathematics__fail_g3_lt_10__baseline__targeted_no_sex__logistic,uci320__mathematics__fail_g3_lt_10__baseline__full__logistic,auroc,0.6357619738751814,0.6375616835994196,-0.0017997097242381521
uci320,mathematics,fail_g3_lt_10,baseline,logistic,c13_selected,targeted_no_sex,full,uci320__mathematics__fail_g3_lt_10__baseline__targeted_no_sex__logistic,uci320__mathematics__fail_g3_lt_10__baseline__full__logistic,brier,0.21289005360694171,0.2134915837461124,-0.0006015301391706918
uci320,mathematics,fail_g3_lt_10,period1,histgb,c13_selected,no_demographic_family,full,uci320__mathematics__fail_g3_lt_10__period1__no_demographic_family__histgb,uci320__mathematics__fail_g3_lt_10__period1__full__histgb,average_precision,0.7953681997180941,0.8247413251271486,-0.029373125409054457
uci320,mathematics,fail_g3_lt_10,period1,histgb,c13_selected,no_demographic_family,full,uci320__mathematics__fail_g3_lt_10__period1__no_demographic_family__histgb,uci320__mathematics__fail_g3_lt_10__period1__full__histgb,auroc,0.9051959361393324,0.9060957910014514,-0.0008998548621190761
uci320,mathematics,fail_g3_lt_10,period1,histgb,c13_selected,no_demographic_family,full,uci320__mathematics__fail_g3_lt_10__period1__no_demographic_family__histgb,uci320__mathematics__fail_g3_lt_10__period1__full__histgb,brier,0.11869504228485465,0.11855871115967818,0.00013633112517646984
uci320,mathematics,fail_g3_lt_10,period1,histgb,c13_selected,no_sensitive_wellbeing,full,uci320__mathematics__fail_g3_lt_10__period1__no_sensitive_wellbeing__histgb,uci320__mathematics__fail_g3_lt_10__period1__full__histgb,average_precision,0.8299220288257089,0.8247413251271486,0.005180703698560274
uci320,mathematics,fail_g3_lt_10,period1,histgb,c13_selected,no_sensitive_wellbeing,full,uci320__mathematics__fail_g3_lt_10__period1__no_sensitive_wellbeing__histgb,uci320__mathematics__fail_g3_lt_10__period1__full__histgb,auroc,0.9119593613933237,0.9060957910014514,0.0058635703918722415
uci320,mathematics,fail_g3_lt_10,period1,histgb,c13_selected,no_sensitive_wellbeing,full,uci320__mathematics__fail_g3_lt_10__period1__no_sensitive_wellbeing__histgb,uci320__mathematics__fail_g3_lt_10__period1__full__histgb,brier,0.11517620314503056,0.11855871115967818,-0.0033825080146476227
uci320,mathematics,fail_g3_lt_10,period1,histgb,c13_selected,school_observable_only,full,uci320__mathematics__fail_g3_lt_10__period1__school_observable_only__histgb,uci320__mathematics__fail_g3_lt_10__period1__full__histgb,average_precision,0.8091896514086763,0.8247413251271486,-0.015551673718472325
uci320,mathematics,fail_g3_lt_10,period1,histgb,c13_selected,school_observable_only,full,uci320__mathematics__fail_g3_lt_10__period1__school_observable_only__histgb,uci320__mathematics__fail_g3_lt_10__period1__full__histgb,auroc,0.9178955007256894,0.9060957910014514,0.011799709724237939
uci320,mathematics,fail_g3_lt_10,period1,histgb,c13_selected,school_observable_only,full,uci320__mathematics__fail_g3_lt_10__period1__school_observable_only__histgb,uci320__mathematics__fail_g3_lt_10__period1__full__histgb,brier,0.10817168992231173,0.11855871115967818,-0.010387021237366456
uci320,mathematics,fail_g3_lt_10,period1,histgb,c13_selected,targeted_no_sex,full,uci320__mathematics__fail_g3_lt_10__period1__targeted_no_sex__histgb,uci320__mathematics__fail_g3_lt_10__period1__full__histgb,average_precision,0.8331106036022559,0.8247413251271486,0.008369278475107267
uci320,mathematics,fail_g3_lt_10,period1,histgb,c13_selected,targeted_no_sex,full,uci320__mathematics__fail_g3_lt_10__period1__targeted_no_sex__histgb,uci320__mathematics__fail_g3_lt_10__period1__full__histgb,auroc,0.9110595065312046,0.9060957910014514,0.0049637155297531654
uci320,mathematics,fail_g3_lt_10,period1,histgb,c13_selected,targeted_no_sex,full,uci320__mathematics__fail_g3_lt_10__period1__targeted_no_sex__histgb,uci320__mathematics__fail_g3_lt_10__period1__full__histgb,brier,0.11578075636700982,0.11855871115967818,-0.0027779547926683607
uci320,mathematics,fail_g3_lt_10,period1,logistic,c13_selected,no_demographic_family,full,uci320__mathematics__fail_g3_lt_10__period1__no_demographic_family__logistic,uci320__mathematics__fail_g3_lt_10__period1__full__logistic,average_precision,0.8206908675826724,0.8339207813276356,-0.013229913744963184
uci320,mathematics,fail_g3_lt_10,period1,logistic,c13_selected,no_demographic_family,full,uci320__mathematics__fail_g3_lt_10__period1__no_demographic_family__logistic,uci320__mathematics__fail_g3_lt_10__period1__full__logistic,auroc,0.910711175616836,0.9127721335268505,-0.0020609579100144826
uci320,mathematics,fail_g3_lt_10,period1,logistic,c13_selected,no_demographic_family,full,uci320__mathematics__fail_g3_lt_10__period1__no_demographic_family__logistic,uci320__mathematics__fail_g3_lt_10__period1__full__logistic,brier,0.11528168285988849,0.11396642730723669,0.0013152555526518006
uci320,mathematics,fail_g3_lt_10,period1,logistic,c13_selected,no_sensitive_wellbeing,full,uci320__mathematics__fail_g3_lt_10__period1__no_sensitive_wellbeing__logistic,uci320__mathematics__fail_g3_lt_10__period1__full__logistic,average_precision,0.8057462848892378,0.8339207813276356,-0.028174496438397756
uci320,mathematics,fail_g3_lt_10,period1,logistic,c13_selected,no_sensitive_wellbeing,full,uci320__mathematics__fail_g3_lt_10__period1__no_sensitive_wellbeing__logistic,uci320__mathematics__fail_g3_lt_10__period1__full__logistic,auroc,0.9051088534107401,0.9127721335268505,-0.007663280116110394
uci320,mathematics,fail_g3_lt_10,period1,logistic,c13_selected,no_sensitive_wellbeing,full,uci320__mathematics__fail_g3_lt_10__period1__no_sensitive_wellbeing__logistic,uci320__mathematics__fail_g3_lt_10__period1__full__logistic,brier,0.1183930770362797,0.11396642730723669,0.004426649729043011
uci320,mathematics,fail_g3_lt_10,period1,logistic,c13_selected,school_observable_only,full,uci320__mathematics__fail_g3_lt_10__period1__school_observable_only__logistic,uci320__mathematics__fail_g3_lt_10__period1__full__logistic,average_precision,0.8165206606031438,0.8339207813276356,-0.01740012072449182
uci320,mathematics,fail_g3_lt_10,period1,logistic,c13_selected,school_observable_only,full,uci320__mathematics__fail_g3_lt_10__period1__school_observable_only__logistic,uci320__mathematics__fail_g3_lt_10__period1__full__logistic,auroc,0.9124963715529754,0.9127721335268505,-0.0002757619738751327
uci320,mathematics,fail_g3_lt_10,period1,logistic,c13_selected,school_observable_only,full,uci320__mathematics__fail_g3_lt_10__period1__school_observable_only__logistic,uci320__mathematics__fail_g3_lt_10__period1__full__logistic,brier,0.11477063891775298,0.11396642730723669,0.0008042116105162894
uci320,mathematics,fail_g3_lt_10,period1,logistic,c13_selected,targeted_no_sex,full,uci320__mathematics__fail_g3_lt_10__period1__targeted_no_sex__logistic,uci320__mathematics__fail_g3_lt_10__period1__full__logistic,average_precision,0.8328145057951282,0.8339207813276356,-0.001106275532507417
uci320,mathematics,fail_g3_lt_10,period1,logistic,c13_selected,targeted_no_sex,full,uci320__mathematics__fail_g3_lt_10__period1__targeted_no_sex__logistic,uci320__mathematics__fail_g3_lt_10__period1__full__logistic,auroc,0.9136429608127721,0.9127721335268505,0.0008708272859215827
uci320,mathematics,fail_g3_lt_10,period1,logistic,c13_selected,targeted_no_sex,full,uci320__mathematics__fail_g3_lt_10__period1__targeted_no_sex__logistic,uci320__mathematics__fail_g3_lt_10__period1__full__logistic,brier,0.11340313542251258,0.11396642730723669,-0.000563291884724107
uci320,mathematics,fail_g3_lt_10,period2,histgb,c13_selected,no_demographic_family,full,uci320__mathematics__fail_g3_lt_10__period2__no_demographic_family__histgb,uci320__mathematics__fail_g3_lt_10__period2__full__histgb,average_precision,0.9321061975551848,0.9410399238251487,-0.008933726269963915
uci320,mathematics,fail_g3_lt_10,period2,histgb,c13_selected,no_demographic_family,full,uci320__mathematics__fail_g3_lt_10__period2__no_demographic_family__histgb,uci320__mathematics__fail_g3_lt_10__period2__full__histgb,auroc,0.9657474600870828,0.9712917271407837,-0.005544267053700924
uci320,mathematics,fail_g3_lt_10,period2,histgb,c13_selected,no_demographic_family,full,uci320__mathematics__fail_g3_lt_10__period2__no_demographic_family__histgb,uci320__mathematics__fail_g3_lt_10__period2__full__histgb,brier,0.07117309469561867,0.06145381018709261,0.009719284508526056
uci320,mathematics,fail_g3_lt_10,period2,histgb,c13_selected,no_sensitive_wellbeing,full,uci320__mathematics__fail_g3_lt_10__period2__no_sensitive_wellbeing__histgb,uci320__mathematics__fail_g3_lt_10__period2__full__histgb,average_precision,0.9326559334572839,0.9410399238251487,-0.008383990367864746
uci320,mathematics,fail_g3_lt_10,period2,histgb,c13_selected,no_sensitive_wellbeing,full,uci320__mathematics__fail_g3_lt_10__period2__no_sensitive_wellbeing__histgb,uci320__mathematics__fail_g3_lt_10__period2__full__histgb,auroc,0.9701886792452831,0.9712917271407837,-0.0011030478955006418
uci320,mathematics,fail_g3_lt_10,period2,histgb,c13_selected,no_sensitive_wellbeing,full,uci320__mathematics__fail_g3_lt_10__period2__no_sensitive_wellbeing__histgb,uci320__mathematics__fail_g3_lt_10__period2__full__histgb,brier,0.06497757150666461,0.06145381018709261,0.003523761319572001
uci320,mathematics,fail_g3_lt_10,period2,histgb,c13_selected,school_observable_only,full,uci320__mathematics__fail_g3_lt_10__period2__school_observable_only__histgb,uci320__mathematics__fail_g3_lt_10__period2__full__histgb,average_precision,0.9382641066081603,0.9410399238251487,-0.0027758172169883855
uci320,mathematics,fail_g3_lt_10,period2,histgb,c13_selected,school_observable_only,full,uci320__mathematics__fail_g3_lt_10__period2__school_observable_only__histgb,uci320__mathematics__fail_g3_lt_10__period2__full__histgb,auroc,0.9671407837445574,0.9712917271407837,-0.0041509433962263476
uci320,mathematics,fail_g3_lt_10,period2,histgb,c13_selected,school_observable_only,full,uci320__mathematics__fail_g3_lt_10__period2__school_observable_only__histgb,uci320__mathematics__fail_g3_lt_10__period2__full__histgb,brier,0.06849537724113328,0.06145381018709261,0.007041567054040666
uci320,mathematics,fail_g3_lt_10,period2,histgb,c13_selected,targeted_no_sex,full,uci320__mathematics__fail_g3_lt_10__period2__targeted_no_sex__histgb,uci320__mathematics__fail_g3_lt_10__period2__full__histgb,average_precision,0.941506695299649,0.9410399238251487,0.0004667714745003604
uci320,mathematics,fail_g3_lt_10,period2,histgb,c13_selected,targeted_no_sex,full,uci320__mathematics__fail_g3_lt_10__period2__targeted_no_sex__histgb,uci320__mathematics__fail_g3_lt_10__period2__full__histgb,auroc,0.9710595065312047,0.9712917271407837,-0.0002322206095790591
uci320,mathematics,fail_g3_lt_10,period2,histgb,c13_selected,targeted_no_sex,full,uci320__mathematics__fail_g3_lt_10__period2__targeted_no_sex__histgb,uci320__mathematics__fail_g3_lt_10__period2__full__histgb,brier,0.061570122215657115,0.06145381018709261,0.00011631202856450529
uci320,mathematics,fail_g3_lt_10,period2,logistic,c13_selected,no_demographic_family,full,uci320__mathematics__fail_g3_lt_10__period2__no_demographic_family__logistic,uci320__mathematics__fail_g3_lt_10__period2__full__logistic,average_precision,0.9328761588376486,0.943444759907095,-0.010568601069446348
uci320,mathematics,fail_g3_lt_10,period2,logistic,c13_selected,no_demographic_family,full,uci320__mathematics__fail_g3_lt_10__period2__no_demographic_family__logistic,uci320__mathematics__fail_g3_lt_10__period2__full__logistic,auroc,0.9651378809869376,0.9695210449927432,-0.004383164005805518
uci320,mathematics,fail_g3_lt_10,period2,logistic,c13_selected,no_demographic_family,full,uci320__mathematics__fail_g3_lt_10__period2__no_demographic_family__logistic,uci320__mathematics__fail_g3_lt_10__period2__full__logistic,brier,0.07213649039930999,0.06455496082649068,0.007581529572819309
uci320,mathematics,fail_g3_lt_10,period2,logistic,c13_selected,no_sensitive_wellbeing,full,uci320__mathematics__fail_g3_lt_10__period2__no_sensitive_wellbeing__logistic,uci320__mathematics__fail_g3_lt_10__period2__full__logistic,average_precision,0.9324702167279334,0.943444759907095,-0.010974543179161578
uci320,mathematics,fail_g3_lt_10,period2,logistic,c13_selected,no_sensitive_wellbeing,full,uci320__mathematics__fail_g3_lt_10__period2__no_sensitive_wellbeing__logistic,uci320__mathematics__fail_g3_lt_10__period2__full__logistic,auroc,0.9639187227866474,0.9695210449927432,-0.0056023222060958
uci320,mathematics,fail_g3_lt_10,period2,logistic,c13_selected,no_sensitive_wellbeing,full,uci320__mathematics__fail_g3_lt_10__period2__no_sensitive_wellbeing__logistic,uci320__mathematics__fail_g3_lt_10__period2__full__logistic,brier,0.07186639313506657,0.06455496082649068,0.007311432308575894
uci320,mathematics,fail_g3_lt_10,period2,logistic,c13_selected,school_observable_only,full,uci320__mathematics__fail_g3_lt_10__period2__school_observable_only__logistic,uci320__mathematics__fail_g3_lt_10__period2__full__logistic,average_precision,0.9251777087407549,0.943444759907095,-0.018267051166340087
uci320,mathematics,fail_g3_lt_10,period2,logistic,c13_selected,school_observable_only,full,uci320__mathematics__fail_g3_lt_10__period2__school_observable_only__logistic,uci320__mathematics__fail_g3_lt_10__period2__full__logistic,auroc,0.9604063860667635,0.9695210449927432,-0.009114658925979624
uci320,mathematics,fail_g3_lt_10,period2,logistic,c13_selected,school_observable_only,full,uci320__mathematics__fail_g3_lt_10__period2__school_observable_only__logistic,uci320__mathematics__fail_g3_lt_10__period2__full__logistic,brier,0.0777050147118649,0.06455496082649068,0.013150053885374227
uci320,mathematics,fail_g3_lt_10,period2,logistic,c13_selected,targeted_no_sex,full,uci320__mathematics__fail_g3_lt_10__period2__targeted_no_sex__logistic,uci320__mathematics__fail_g3_lt_10__period2__full__logistic,average_precision,0.9384118742399229,0.943444759907095,-0.005032885667172082
uci320,mathematics,fail_g3_lt_10,period2,logistic,c13_selected,targeted_no_sex,full,uci320__mathematics__fail_g3_lt_10__period2__targeted_no_sex__logistic,uci320__mathematics__fail_g3_lt_10__period2__full__logistic,auroc,0.9679245283018867,0.9695210449927432,-0.0015965166908564754
uci320,mathematics,fail_g3_lt_10,period2,logistic,c13_selected,targeted_no_sex,full,uci320__mathematics__fail_g3_lt_10__period2__targeted_no_sex__logistic,uci320__mathematics__fail_g3_lt_10__period2__full__logistic,brier,0.06636868654519744,0.06455496082649068,0.001813725718706763
uci320,portuguese,fail_g3_lt_10,baseline,histgb,c13_selected,no_demographic_family,full,uci320__portuguese__fail_g3_lt_10__baseline__no_demographic_family__histgb,uci320__portuguese__fail_g3_lt_10__baseline__full__histgb,average_precision,0.4690931418815168,0.4124640815191373,0.05662906036237947
uci320,portuguese,fail_g3_lt_10,baseline,histgb,c13_selected,no_demographic_family,full,uci320__portuguese__fail_g3_lt_10__baseline__no_demographic_family__histgb,uci320__portuguese__fail_g3_lt_10__baseline__full__histgb,auroc,0.7988888888888889,0.7960837887067396,0.0028051001821493005
uci320,portuguese,fail_g3_lt_10,baseline,histgb,c13_selected,no_demographic_family,full,uci320__portuguese__fail_g3_lt_10__baseline__no_demographic_family__histgb,uci320__portuguese__fail_g3_lt_10__baseline__full__histgb,brier,0.1054092543849954,0.10983448623911463,-0.0044252318541192215
uci320,portuguese,fail_g3_lt_10,baseline,histgb,c13_selected,no_sensitive_wellbeing,full,uci320__portuguese__fail_g3_lt_10__baseline__no_sensitive_wellbeing__histgb,uci320__portuguese__fail_g3_lt_10__baseline__full__histgb,average_precision,0.39843213250868353,0.4124640815191373,-0.014031949010453793
uci320,portuguese,fail_g3_lt_10,baseline,histgb,c13_selected,no_sensitive_wellbeing,full,uci320__portuguese__fail_g3_lt_10__baseline__no_sensitive_wellbeing__histgb,uci320__portuguese__fail_g3_lt_10__baseline__full__histgb,auroc,0.7990346083788706,0.7960837887067396,0.0029508196721310664
uci320,portuguese,fail_g3_lt_10,baseline,histgb,c13_selected,no_sensitive_wellbeing,full,uci320__portuguese__fail_g3_lt_10__baseline__no_sensitive_wellbeing__histgb,uci320__portuguese__fail_g3_lt_10__baseline__full__histgb,brier,0.11098221799650816,0.10983448623911463,0.0011477317573935358
uci320,portuguese,fail_g3_lt_10,baseline,histgb,c13_selected,school_observable_only,full,uci320__portuguese__fail_g3_lt_10__baseline__school_observable_only__histgb,uci320__portuguese__fail_g3_lt_10__baseline__full__histgb,average_precision,0.37484957320793066,0.4124640815191373,-0.03761450831120666
uci320,portuguese,fail_g3_lt_10,baseline,histgb,c13_selected,school_observable_only,full,uci320__portuguese__fail_g3_lt_10__baseline__school_observable_only__histgb,uci320__portuguese__fail_g3_lt_10__baseline__full__histgb,auroc,0.7619125683060108,0.7960837887067396,-0.03417122040072873
uci320,portuguese,fail_g3_lt_10,baseline,histgb,c13_selected,school_observable_only,full,uci320__portuguese__fail_g3_lt_10__baseline__school_observable_only__histgb,uci320__portuguese__fail_g3_lt_10__baseline__full__histgb,brier,0.11490973050680225,0.10983448623911463,0.005075244267687629
uci320,portuguese,fail_g3_lt_10,baseline,histgb,c13_selected,targeted_no_sex,full,uci320__portuguese__fail_g3_lt_10__baseline__targeted_no_sex__histgb,uci320__portuguese__fail_g3_lt_10__baseline__full__histgb,average_precision,0.4191650692903206,0.4124640815191373,0.0067009877711832755
uci320,portuguese,fail_g3_lt_10,baseline,histgb,c13_selected,targeted_no_sex,full,uci320__portuguese__fail_g3_lt_10__baseline__targeted_no_sex__histgb,uci320__portuguese__fail_g3_lt_10__baseline__full__histgb,auroc,0.7906921675774135,0.7960837887067396,-0.0053916211293261185
uci320,portuguese,fail_g3_lt_10,baseline,histgb,c13_selected,targeted_no_sex,full,uci320__portuguese__fail_g3_lt_10__baseline__targeted_no_sex__histgb,uci320__portuguese__fail_g3_lt_10__baseline__full__histgb,brier,0.10929706586712071,0.10983448623911463,-0.0005374203719939186
uci320,portuguese,fail_g3_lt_10,baseline,logistic,c13_selected,no_demographic_family,full,uci320__portuguese__fail_g3_lt_10__baseline__no_demographic_family__logistic,uci320__portuguese__fail_g3_lt_10__baseline__full__logistic,average_precision,0.42614015271727584,0.3883355072415384,0.03780464547573742
uci320,portuguese,fail_g3_lt_10,baseline,logistic,c13_selected,no_demographic_family,full,uci320__portuguese__fail_g3_lt_10__baseline__no_demographic_family__logistic,uci320__portuguese__fail_g3_lt_10__baseline__full__logistic,auroc,0.8034790528233152,0.777832422586521,0.025646630236794254
uci320,portuguese,fail_g3_lt_10,baseline,logistic,c13_selected,no_demographic_family,full,uci320__portuguese__fail_g3_lt_10__baseline__no_demographic_family__logistic,uci320__portuguese__fail_g3_lt_10__baseline__full__logistic,brier,0.10934183513895665,0.11309260203684482,-0.003750766897888169
uci320,portuguese,fail_g3_lt_10,baseline,logistic,c13_selected,no_sensitive_wellbeing,full,uci320__portuguese__fail_g3_lt_10__baseline__no_sensitive_wellbeing__logistic,uci320__portuguese__fail_g3_lt_10__baseline__full__logistic,average_precision,0.4162975153856825,0.3883355072415384,0.027962008144144068
uci320,portuguese,fail_g3_lt_10,baseline,logistic,c13_selected,no_sensitive_wellbeing,full,uci320__portuguese__fail_g3_lt_10__baseline__no_sensitive_wellbeing__logistic,uci320__portuguese__fail_g3_lt_10__baseline__full__logistic,auroc,0.7963387978142076,0.777832422586521,0.01850637522768661
uci320,portuguese,fail_g3_lt_10,baseline,logistic,c13_selected,no_sensitive_wellbeing,full,uci320__portuguese__fail_g3_lt_10__baseline__no_sensitive_wellbeing__logistic,uci320__portuguese__fail_g3_lt_10__baseline__full__logistic,brier,0.11053472823587311,0.11309260203684482,-0.002557873800971708
uci320,portuguese,fail_g3_lt_10,baseline,logistic,c13_selected,school_observable_only,full,uci320__portuguese__fail_g3_lt_10__baseline__school_observable_only__logistic,uci320__portuguese__fail_g3_lt_10__baseline__full__logistic,average_precision,0.4273037254156258,0.3883355072415384,0.038968218174087355
uci320,portuguese,fail_g3_lt_10,baseline,logistic,c13_selected,school_observable_only,full,uci320__portuguese__fail_g3_lt_10__baseline__school_observable_only__logistic,uci320__portuguese__fail_g3_lt_10__baseline__full__logistic,auroc,0.8060018214936249,0.777832422586521,0.028169398907103904
uci320,portuguese,fail_g3_lt_10,baseline,logistic,c13_selected,school_observable_only,full,uci320__portuguese__fail_g3_lt_10__baseline__school_observable_only__logistic,uci320__portuguese__fail_g3_lt_10__baseline__full__logistic,brier,0.10872428202322158,0.11309260203684482,-0.004368320013623236
uci320,portuguese,fail_g3_lt_10,baseline,logistic,c13_selected,targeted_no_sex,full,uci320__portuguese__fail_g3_lt_10__baseline__targeted_no_sex__logistic,uci320__portuguese__fail_g3_lt_10__baseline__full__logistic,average_precision,0.39411700743444944,0.3883355072415384,0.0057815001929110155
uci320,portuguese,fail_g3_lt_10,baseline,logistic,c13_selected,targeted_no_sex,full,uci320__portuguese__fail_g3_lt_10__baseline__targeted_no_sex__logistic,uci320__portuguese__fail_g3_lt_10__baseline__full__logistic,auroc,0.7835701275045538,0.777832422586521,0.0057377049180328266
uci320,portuguese,fail_g3_lt_10,baseline,logistic,c13_selected,targeted_no_sex,full,uci320__portuguese__fail_g3_lt_10__baseline__targeted_no_sex__logistic,uci320__portuguese__fail_g3_lt_10__baseline__full__logistic,brier,0.112313540536659,0.11309260203684482,-0.0007790615001858209
uci320,portuguese,fail_g3_lt_10,period1,histgb,c13_selected,no_demographic_family,full,uci320__portuguese__fail_g3_lt_10__period1__no_demographic_family__histgb,uci320__portuguese__fail_g3_lt_10__period1__full__histgb,average_precision,0.6675851921257407,0.6631949152688829,0.004390276856857889
uci320,portuguese,fail_g3_lt_10,period1,histgb,c13_selected,no_demographic_family,full,uci320__portuguese__fail_g3_lt_10__period1__no_demographic_family__histgb,uci320__portuguese__fail_g3_lt_10__period1__full__histgb,auroc,0.9336794171220402,0.9299271402550091,0.003752276867031057
uci320,portuguese,fail_g3_lt_10,period1,histgb,c13_selected,no_demographic_family,full,uci320__portuguese__fail_g3_lt_10__period1__no_demographic_family__histgb,uci320__portuguese__fail_g3_lt_10__period1__full__histgb,brier,0.07130952081433199,0.07200314203900375,-0.0006936212246717588
uci320,portuguese,fail_g3_lt_10,period1,histgb,c13_selected,no_sensitive_wellbeing,full,uci320__portuguese__fail_g3_lt_10__period1__no_sensitive_wellbeing__histgb,uci320__portuguese__fail_g3_lt_10__period1__full__histgb,average_precision,0.6625005358620831,0.6631949152688829,-0.0006943794067997278
uci320,portuguese,fail_g3_lt_10,period1,histgb,c13_selected,no_sensitive_wellbeing,full,uci320__portuguese__fail_g3_lt_10__period1__no_sensitive_wellbeing__histgb,uci320__portuguese__fail_g3_lt_10__period1__full__histgb,auroc,0.9239890710382513,0.9299271402550091,-0.005938069216757769
uci320,portuguese,fail_g3_lt_10,period1,histgb,c13_selected,no_sensitive_wellbeing,full,uci320__portuguese__fail_g3_lt_10__period1__no_sensitive_wellbeing__histgb,uci320__portuguese__fail_g3_lt_10__period1__full__histgb,brier,0.0720704583829876,0.07200314203900375,6.731634398385311e-05
uci320,portuguese,fail_g3_lt_10,period1,histgb,c13_selected,school_observable_only,full,uci320__portuguese__fail_g3_lt_10__period1__school_observable_only__histgb,uci320__portuguese__fail_g3_lt_10__period1__full__histgb,average_precision,0.6421703419074114,0.6631949152688829,-0.021024573361471455
uci320,portuguese,fail_g3_lt_10,period1,histgb,c13_selected,school_observable_only,full,uci320__portuguese__fail_g3_lt_10__period1__school_observable_only__histgb,uci320__portuguese__fail_g3_lt_10__period1__full__histgb,auroc,0.9265573770491803,0.9299271402550091,-0.003369763205828824
uci320,portuguese,fail_g3_lt_10,period1,histgb,c13_selected,school_observable_only,full,uci320__portuguese__fail_g3_lt_10__period1__school_observable_only__histgb,uci320__portuguese__fail_g3_lt_10__period1__full__histgb,brier,0.0739273796195801,0.07200314203900375,0.0019242375805763462
uci320,portuguese,fail_g3_lt_10,period1,histgb,c13_selected,targeted_no_sex,full,uci320__portuguese__fail_g3_lt_10__period1__targeted_no_sex__histgb,uci320__portuguese__fail_g3_lt_10__period1__full__histgb,average_precision,0.6482232204453774,0.6631949152688829,-0.014971694823505466
uci320,portuguese,fail_g3_lt_10,period1,histgb,c13_selected,targeted_no_sex,full,uci320__portuguese__fail_g3_lt_10__period1__targeted_no_sex__histgb,uci320__portuguese__fail_g3_lt_10__period1__full__histgb,auroc,0.931111111111111,0.9299271402550091,0.0011839708561018902
uci320,portuguese,fail_g3_lt_10,period1,histgb,c13_selected,targeted_no_sex,full,uci320__portuguese__fail_g3_lt_10__period1__targeted_no_sex__histgb,uci320__portuguese__fail_g3_lt_10__period1__full__histgb,brier,0.07287339128237105,0.07200314203900375,0.000870249243367302
uci320,portuguese,fail_g3_lt_10,period1,logistic,c13_selected,no_demographic_family,full,uci320__portuguese__fail_g3_lt_10__period1__no_demographic_family__logistic,uci320__portuguese__fail_g3_lt_10__period1__full__logistic,average_precision,0.6582257429637024,0.6375528327627579,0.020672910200944528
uci320,portuguese,fail_g3_lt_10,period1,logistic,c13_selected,no_demographic_family,full,uci320__portuguese__fail_g3_lt_10__period1__no_demographic_family__logistic,uci320__portuguese__fail_g3_lt_10__period1__full__logistic,auroc,0.9268123861566485,0.918488160291439,0.008324225865209534
uci320,portuguese,fail_g3_lt_10,period1,logistic,c13_selected,no_demographic_family,full,uci320__portuguese__fail_g3_lt_10__period1__no_demographic_family__logistic,uci320__portuguese__fail_g3_lt_10__period1__full__logistic,brier,0.07666694453645916,0.07918610220115291,-0.0025191576646937525
uci320,portuguese,fail_g3_lt_10,period1,logistic,c13_selected,no_sensitive_wellbeing,full,uci320__portuguese__fail_g3_lt_10__period1__no_sensitive_wellbeing__logistic,uci320__portuguese__fail_g3_lt_10__period1__full__logistic,average_precision,0.6546958862203236,0.6375528327627579,0.017143053457565727
uci320,portuguese,fail_g3_lt_10,period1,logistic,c13_selected,no_sensitive_wellbeing,full,uci320__portuguese__fail_g3_lt_10__period1__no_sensitive_wellbeing__logistic,uci320__portuguese__fail_g3_lt_10__period1__full__logistic,auroc,0.9252094717668488,0.918488160291439,0.006721311475409775
uci320,portuguese,fail_g3_lt_10,period1,logistic,c13_selected,no_sensitive_wellbeing,full,uci320__portuguese__fail_g3_lt_10__period1__no_sensitive_wellbeing__logistic,uci320__portuguese__fail_g3_lt_10__period1__full__logistic,brier,0.07570687387652886,0.07918610220115291,-0.0034792283246240507
uci320,portuguese,fail_g3_lt_10,period1,logistic,c13_selected,school_observable_only,full,uci320__portuguese__fail_g3_lt_10__period1__school_observable_only__logistic,uci320__portuguese__fail_g3_lt_10__period1__full__logistic,average_precision,0.6974475673175815,0.6375528327627579,0.059894734554823637
uci320,portuguese,fail_g3_lt_10,period1,logistic,c13_selected,school_observable_only,full,uci320__portuguese__fail_g3_lt_10__period1__school_observable_only__logistic,uci320__portuguese__fail_g3_lt_10__period1__full__logistic,auroc,0.9382331511839709,0.918488160291439,0.0197449908925319
uci320,portuguese,fail_g3_lt_10,period1,logistic,c13_selected,school_observable_only,full,uci320__portuguese__fail_g3_lt_10__period1__school_observable_only__logistic,uci320__portuguese__fail_g3_lt_10__period1__full__logistic,brier,0.0699247116648365,0.07918610220115291,-0.009261390536316402
uci320,portuguese,fail_g3_lt_10,period1,logistic,c13_selected,targeted_no_sex,full,uci320__portuguese__fail_g3_lt_10__period1__targeted_no_sex__logistic,uci320__portuguese__fail_g3_lt_10__period1__full__logistic,average_precision,0.6420457017380475,0.6375528327627579,0.0044928689752896656
uci320,portuguese,fail_g3_lt_10,period1,logistic,c13_selected,targeted_no_sex,full,uci320__portuguese__fail_g3_lt_10__period1__targeted_no_sex__logistic,uci320__portuguese__fail_g3_lt_10__period1__full__logistic,auroc,0.9199089253187613,0.918488160291439,0.001420765027322357
uci320,portuguese,fail_g3_lt_10,period1,logistic,c13_selected,targeted_no_sex,full,uci320__portuguese__fail_g3_lt_10__period1__targeted_no_sex__logistic,uci320__portuguese__fail_g3_lt_10__period1__full__logistic,brier,0.07860260961284998,0.07918610220115291,-0.0005834925883029252
uci320,portuguese,fail_g3_lt_10,period2,histgb,c13_selected,no_demographic_family,full,uci320__portuguese__fail_g3_lt_10__period2__no_demographic_family__histgb,uci320__portuguese__fail_g3_lt_10__period2__full__histgb,average_precision,0.8397856955711076,0.8451159945515379,-0.005330298980430248
uci320,portuguese,fail_g3_lt_10,period2,histgb,c13_selected,no_demographic_family,full,uci320__portuguese__fail_g3_lt_10__period2__no_demographic_family__histgb,uci320__portuguese__fail_g3_lt_10__period2__full__histgb,auroc,0.9606010928961749,0.9587067395264117,0.0018943533697631798
uci320,portuguese,fail_g3_lt_10,period2,histgb,c13_selected,no_demographic_family,full,uci320__portuguese__fail_g3_lt_10__period2__no_demographic_family__histgb,uci320__portuguese__fail_g3_lt_10__period2__full__histgb,brier,0.05413190615491992,0.05298300448980273,0.0011489016651171843
uci320,portuguese,fail_g3_lt_10,period2,histgb,c13_selected,no_sensitive_wellbeing,full,uci320__portuguese__fail_g3_lt_10__period2__no_sensitive_wellbeing__histgb,uci320__portuguese__fail_g3_lt_10__period2__full__histgb,average_precision,0.8628593961252289,0.8451159945515379,0.01774340157369103
uci320,portuguese,fail_g3_lt_10,period2,histgb,c13_selected,no_sensitive_wellbeing,full,uci320__portuguese__fail_g3_lt_10__period2__no_sensitive_wellbeing__histgb,uci320__portuguese__fail_g3_lt_10__period2__full__histgb,auroc,0.9560837887067395,0.9587067395264117,-0.0026229508196722318
uci320,portuguese,fail_g3_lt_10,period2,histgb,c13_selected,no_sensitive_wellbeing,full,uci320__portuguese__fail_g3_lt_10__period2__no_sensitive_wellbeing__histgb,uci320__portuguese__fail_g3_lt_10__period2__full__histgb,brier,0.05122107486040759,0.05298300448980273,-0.0017619296293951425
uci320,portuguese,fail_g3_lt_10,period2,histgb,c13_selected,school_observable_only,full,uci320__portuguese__fail_g3_lt_10__period2__school_observable_only__histgb,uci320__portuguese__fail_g3_lt_10__period2__full__histgb,average_precision,0.8479301775516449,0.8451159945515379,0.002814183000107051
uci320,portuguese,fail_g3_lt_10,period2,histgb,c13_selected,school_observable_only,full,uci320__portuguese__fail_g3_lt_10__period2__school_observable_only__histgb,uci320__portuguese__fail_g3_lt_10__period2__full__histgb,auroc,0.9557559198542805,0.9587067395264117,-0.0029508196721311775
uci320,portuguese,fail_g3_lt_10,period2,histgb,c13_selected,school_observable_only,full,uci320__portuguese__fail_g3_lt_10__period2__school_observable_only__histgb,uci320__portuguese__fail_g3_lt_10__period2__full__histgb,brier,0.050737396155298216,0.05298300448980273,-0.0022456083345045175
uci320,portuguese,fail_g3_lt_10,period2,histgb,c13_selected,targeted_no_sex,full,uci320__portuguese__fail_g3_lt_10__period2__targeted_no_sex__histgb,uci320__portuguese__fail_g3_lt_10__period2__full__histgb,average_precision,0.8502375040724366,0.8451159945515379,0.005121509520898737
uci320,portuguese,fail_g3_lt_10,period2,histgb,c13_selected,targeted_no_sex,full,uci320__portuguese__fail_g3_lt_10__period2__targeted_no_sex__histgb,uci320__portuguese__fail_g3_lt_10__period2__full__histgb,auroc,0.9573224043715847,0.9587067395264117,-0.0013843351548270544
uci320,portuguese,fail_g3_lt_10,period2,histgb,c13_selected,targeted_no_sex,full,uci320__portuguese__fail_g3_lt_10__period2__targeted_no_sex__histgb,uci320__portuguese__fail_g3_lt_10__period2__full__histgb,brier,0.05089905762061866,0.05298300448980273,-0.002083946869184075
uci320,portuguese,fail_g3_lt_10,period2,logistic,c13_selected,no_demographic_family,full,uci320__portuguese__fail_g3_lt_10__period2__no_demographic_family__logistic,uci320__portuguese__fail_g3_lt_10__period2__full__logistic,average_precision,0.824698601569305,0.8157177260658248,0.008980875503480146
uci320,portuguese,fail_g3_lt_10,period2,logistic,c13_selected,no_demographic_family,full,uci320__portuguese__fail_g3_lt_10__period2__no_demographic_family__logistic,uci320__portuguese__fail_g3_lt_10__period2__full__logistic,auroc,0.9583788706739527,0.95367941712204,0.004699453551912702
uci320,portuguese,fail_g3_lt_10,period2,logistic,c13_selected,no_demographic_family,full,uci320__portuguese__fail_g3_lt_10__period2__no_demographic_family__logistic,uci320__portuguese__fail_g3_lt_10__period2__full__logistic,brier,0.05655784638521364,0.056622032018600464,-6.418563338682348e-05
uci320,portuguese,fail_g3_lt_10,period2,logistic,c13_selected,no_sensitive_wellbeing,full,uci320__portuguese__fail_g3_lt_10__period2__no_sensitive_wellbeing__logistic,uci320__portuguese__fail_g3_lt_10__period2__full__logistic,average_precision,0.825812442817295,0.8157177260658248,0.010094716751470223
uci320,portuguese,fail_g3_lt_10,period2,logistic,c13_selected,no_sensitive_wellbeing,full,uci320__portuguese__fail_g3_lt_10__period2__no_sensitive_wellbeing__logistic,uci320__portuguese__fail_g3_lt_10__period2__full__logistic,auroc,0.9563023679417122,0.95367941712204,0.0026229508196722318
uci320,portuguese,fail_g3_lt_10,period2,logistic,c13_selected,no_sensitive_wellbeing,full,uci320__portuguese__fail_g3_lt_10__period2__no_sensitive_wellbeing__logistic,uci320__portuguese__fail_g3_lt_10__period2__full__logistic,brier,0.054926756066748,0.056622032018600464,-0.001695275951852461
uci320,portuguese,fail_g3_lt_10,period2,logistic,c13_selected,school_observable_only,full,uci320__portuguese__fail_g3_lt_10__period2__school_observable_only__logistic,uci320__portuguese__fail_g3_lt_10__period2__full__logistic,average_precision,0.8448023980714052,0.8157177260658248,0.029084672005580403
uci320,portuguese,fail_g3_lt_10,period2,logistic,c13_selected,school_observable_only,full,uci320__portuguese__fail_g3_lt_10__period2__school_observable_only__logistic,uci320__portuguese__fail_g3_lt_10__period2__full__logistic,auroc,0.9642805100182149,0.95367941712204,0.010601092896174946
uci320,portuguese,fail_g3_lt_10,period2,logistic,c13_selected,school_observable_only,full,uci320__portuguese__fail_g3_lt_10__period2__school_observable_only__logistic,uci320__portuguese__fail_g3_lt_10__period2__full__logistic,brier,0.0506195763878304,0.056622032018600464,-0.006002455630770065
uci320,portuguese,fail_g3_lt_10,period2,logistic,c13_selected,targeted_no_sex,full,uci320__portuguese__fail_g3_lt_10__period2__targeted_no_sex__logistic,uci320__portuguese__fail_g3_lt_10__period2__full__logistic,average_precision,0.8154089041251386,0.8157177260658248,-0.0003088219406862658
uci320,portuguese,fail_g3_lt_10,period2,logistic,c13_selected,targeted_no_sex,full,uci320__portuguese__fail_g3_lt_10__period2__targeted_no_sex__logistic,uci320__portuguese__fail_g3_lt_10__period2__full__logistic,auroc,0.9537158469945356,0.95367941712204,3.6429872495635784e-05
uci320,portuguese,fail_g3_lt_10,period2,logistic,c13_selected,targeted_no_sex,full,uci320__portuguese__fail_g3_lt_10__period2__targeted_no_sex__logistic,uci320__portuguese__fail_g3_lt_10__period2__full__logistic,brier,0.05668099449993387,0.056622032018600464,5.896248133340637e-05
uci697,all,dropout_vs_all_other,enrollment,histgb,c13_selected,legacy_operational,full,uci697__all__dropout_vs_all_other__enrollment__legacy_operational__histgb,uci697__all__dropout_vs_all_other__enrollment__full__histgb,average_precision,0.5131501991994429,0.7394280107011624,-0.22627781150171944
uci697,all,dropout_vs_all_other,enrollment,histgb,c13_selected,legacy_operational,full,uci697__all__dropout_vs_all_other__enrollment__legacy_operational__histgb,uci697__all__dropout_vs_all_other__enrollment__full__histgb,auroc,0.6957637717665868,0.8209901756699786,-0.1252264039033918
uci697,all,dropout_vs_all_other,enrollment,histgb,c13_selected,legacy_operational,full,uci697__all__dropout_vs_all_other__enrollment__legacy_operational__histgb,uci697__all__dropout_vs_all_other__enrollment__full__histgb,brier,0.19553533459432243,0.14806697719880843,0.047468357395514
uci697,all,dropout_vs_all_other,enrollment,histgb,c13_selected,no_direct_personal,full,uci697__all__dropout_vs_all_other__enrollment__no_direct_personal__histgb,uci697__all__dropout_vs_all_other__enrollment__full__histgb,average_precision,0.734273490970978,0.7394280107011624,-0.005154519730184326
uci697,all,dropout_vs_all_other,enrollment,histgb,c13_selected,no_direct_personal,full,uci697__all__dropout_vs_all_other__enrollment__no_direct_personal__histgb,uci697__all__dropout_vs_all_other__enrollment__full__histgb,auroc,0.8141694102285234,0.8209901756699786,-0.006820765441455157
uci697,all,dropout_vs_all_other,enrollment,histgb,c13_selected,no_direct_personal,full,uci697__all__dropout_vs_all_other__enrollment__no_direct_personal__histgb,uci697__all__dropout_vs_all_other__enrollment__full__histgb,brier,0.15032439220586494,0.14806697719880843,0.002257415007056507
uci697,all,dropout_vs_all_other,enrollment,histgb,c13_selected,no_family_financial,full,uci697__all__dropout_vs_all_other__enrollment__no_family_financial__histgb,uci697__all__dropout_vs_all_other__enrollment__full__histgb,average_precision,0.5785946878024597,0.7394280107011624,-0.16083332289870267
uci697,all,dropout_vs_all_other,enrollment,histgb,c13_selected,no_family_financial,full,uci697__all__dropout_vs_all_other__enrollment__no_family_financial__histgb,uci697__all__dropout_vs_all_other__enrollment__full__histgb,auroc,0.7463850950831951,0.8209901756699786,-0.0746050805867835
uci697,all,dropout_vs_all_other,enrollment,histgb,c13_selected,no_family_financial,full,uci697__all__dropout_vs_all_other__enrollment__no_family_financial__histgb,uci697__all__dropout_vs_all_other__enrollment__full__histgb,brier,0.1817531461867949,0.14806697719880843,0.03368616898798646
uci697,all,dropout_vs_all_other,enrollment,histgb,c13_selected,targeted_gender_special_needs,full,uci697__all__dropout_vs_all_other__enrollment__targeted_gender_special_needs__histgb,uci697__all__dropout_vs_all_other__enrollment__full__histgb,average_precision,0.7354516469611222,0.7394280107011624,-0.0039763637400401786
uci697,all,dropout_vs_all_other,enrollment,histgb,c13_selected,targeted_gender_special_needs,full,uci697__all__dropout_vs_all_other__enrollment__targeted_gender_special_needs__histgb,uci697__all__dropout_vs_all_other__enrollment__full__histgb,auroc,0.8168242735448928,0.8209901756699786,-0.004165902125085719
uci697,all,dropout_vs_all_other,enrollment,histgb,c13_selected,targeted_gender_special_needs,full,uci697__all__dropout_vs_all_other__enrollment__targeted_gender_special_needs__histgb,uci697__all__dropout_vs_all_other__enrollment__full__histgb,brier,0.14923450085032214,0.14806697719880843,0.0011675236515137077
uci697,all,dropout_vs_all_other,enrollment,logistic,c13_selected,legacy_operational,full,uci697__all__dropout_vs_all_other__enrollment__legacy_operational__logistic,uci697__all__dropout_vs_all_other__enrollment__full__logistic,average_precision,0.5120038968431183,0.7378210834856201,-0.22581718664250183
uci697,all,dropout_vs_all_other,enrollment,logistic,c13_selected,legacy_operational,full,uci697__all__dropout_vs_all_other__enrollment__legacy_operational__logistic,uci697__all__dropout_vs_all_other__enrollment__full__logistic,auroc,0.6891418457217191,0.8244242269576542,-0.13528238123593506
uci697,all,dropout_vs_all_other,enrollment,logistic,c13_selected,legacy_operational,full,uci697__all__dropout_vs_all_other__enrollment__legacy_operational__logistic,uci697__all__dropout_vs_all_other__enrollment__full__logistic,brier,0.19657627804530495,0.14792089949154633,0.04865537855375862
uci697,all,dropout_vs_all_other,enrollment,logistic,c13_selected,no_direct_personal,full,uci697__all__dropout_vs_all_other__enrollment__no_direct_personal__logistic,uci697__all__dropout_vs_all_other__enrollment__full__logistic,average_precision,0.7311014153815236,0.7378210834856201,-0.006719668104096521
uci697,all,dropout_vs_all_other,enrollment,logistic,c13_selected,no_direct_personal,full,uci697__all__dropout_vs_all_other__enrollment__no_direct_personal__logistic,uci697__all__dropout_vs_all_other__enrollment__full__logistic,auroc,0.8191578536406123,0.8244242269576542,-0.005266373317041828
uci697,all,dropout_vs_all_other,enrollment,logistic,c13_selected,no_direct_personal,full,uci697__all__dropout_vs_all_other__enrollment__no_direct_personal__logistic,uci697__all__dropout_vs_all_other__enrollment__full__logistic,brier,0.14968166908819971,0.14792089949154633,0.0017607695966533887
uci697,all,dropout_vs_all_other,enrollment,logistic,c13_selected,no_family_financial,full,uci697__all__dropout_vs_all_other__enrollment__no_family_financial__logistic,uci697__all__dropout_vs_all_other__enrollment__full__logistic,average_precision,0.5713415772374966,0.7378210834856201,-0.16647950624812358
uci697,all,dropout_vs_all_other,enrollment,logistic,c13_selected,no_family_financial,full,uci697__all__dropout_vs_all_other__enrollment__no_family_financial__logistic,uci697__all__dropout_vs_all_other__enrollment__full__logistic,auroc,0.736357707504787,0.8244242269576542,-0.08806651945286714
uci697,all,dropout_vs_all_other,enrollment,logistic,c13_selected,no_family_financial,full,uci697__all__dropout_vs_all_other__enrollment__no_family_financial__logistic,uci697__all__dropout_vs_all_other__enrollment__full__logistic,brier,0.184550035545611,0.14792089949154633,0.036629136054064676
uci697,all,dropout_vs_all_other,enrollment,logistic,c13_selected,targeted_gender_special_needs,full,uci697__all__dropout_vs_all_other__enrollment__targeted_gender_special_needs__logistic,uci697__all__dropout_vs_all_other__enrollment__full__logistic,average_precision,0.7324716047328996,0.7378210834856201,-0.005349478752720516
uci697,all,dropout_vs_all_other,enrollment,logistic,c13_selected,targeted_gender_special_needs,full,uci697__all__dropout_vs_all_other__enrollment__targeted_gender_special_needs__logistic,uci697__all__dropout_vs_all_other__enrollment__full__logistic,auroc,0.8196572369689892,0.8244242269576542,-0.0047669899886649825
uci697,all,dropout_vs_all_other,enrollment,logistic,c13_selected,targeted_gender_special_needs,full,uci697__all__dropout_vs_all_other__enrollment__targeted_gender_special_needs__logistic,uci697__all__dropout_vs_all_other__enrollment__full__logistic,brier,0.14940582580857617,0.14792089949154633,0.0014849263170298443
uci697,all,dropout_vs_all_other,semester1,histgb,c13_selected,legacy_operational,full,uci697__all__dropout_vs_all_other__semester1__legacy_operational__histgb,uci697__all__dropout_vs_all_other__semester1__full__histgb,average_precision,0.8006816533280796,0.8565069008975503,-0.055825247569470715
uci697,all,dropout_vs_all_other,semester1,histgb,c13_selected,legacy_operational,full,uci697__all__dropout_vs_all_other__semester1__legacy_operational__histgb,uci697__all__dropout_vs_all_other__semester1__full__histgb,auroc,0.86637805075525,0.9011122586069806,-0.03473420785173065
uci697,all,dropout_vs_all_other,semester1,histgb,c13_selected,legacy_operational,full,uci697__all__dropout_vs_all_other__semester1__legacy_operational__histgb,uci697__all__dropout_vs_all_other__semester1__full__histgb,brier,0.12651456834471564,0.10475357679955512,0.02176099154516052
uci697,all,dropout_vs_all_other,semester1,histgb,c13_selected,no_direct_personal,full,uci697__all__dropout_vs_all_other__semester1__no_direct_personal__histgb,uci697__all__dropout_vs_all_other__semester1__full__histgb,average_precision,0.8541383887539175,0.8565069008975503,-0.0023685121436328727
uci697,all,dropout_vs_all_other,semester1,histgb,c13_selected,no_direct_personal,full,uci697__all__dropout_vs_all_other__semester1__no_direct_personal__histgb,uci697__all__dropout_vs_all_other__semester1__full__histgb,auroc,0.8980184722619627,0.9011122586069806,-0.0030937863450178904
uci697,all,dropout_vs_all_other,semester1,histgb,c13_selected,no_direct_personal,full,uci697__all__dropout_vs_all_other__semester1__no_direct_personal__histgb,uci697__all__dropout_vs_all_other__semester1__full__histgb,brier,0.10587933194404538,0.10475357679955512,0.0011257551444902592
uci697,all,dropout_vs_all_other,semester1,histgb,c13_selected,no_family_financial,full,uci697__all__dropout_vs_all_other__semester1__no_family_financial__histgb,uci697__all__dropout_vs_all_other__semester1__full__histgb,average_precision,0.8096140408136987,0.8565069008975503,-0.04689286008385163
uci697,all,dropout_vs_all_other,semester1,histgb,c13_selected,no_family_financial,full,uci697__all__dropout_vs_all_other__semester1__no_family_financial__histgb,uci697__all__dropout_vs_all_other__semester1__full__histgb,auroc,0.8729712698748588,0.9011122586069806,-0.028140988732121786
uci697,all,dropout_vs_all_other,semester1,histgb,c13_selected,no_family_financial,full,uci697__all__dropout_vs_all_other__semester1__no_family_financial__histgb,uci697__all__dropout_vs_all_other__semester1__full__histgb,brier,0.12230383378276509,0.10475357679955512,0.017550256983209972
uci697,all,dropout_vs_all_other,semester1,histgb,c13_selected,targeted_gender_special_needs,full,uci697__all__dropout_vs_all_other__semester1__targeted_gender_special_needs__histgb,uci697__all__dropout_vs_all_other__semester1__full__histgb,average_precision,0.8540448481163666,0.8565069008975503,-0.002462052781183721
uci697,all,dropout_vs_all_other,semester1,histgb,c13_selected,targeted_gender_special_needs,full,uci697__all__dropout_vs_all_other__semester1__targeted_gender_special_needs__histgb,uci697__all__dropout_vs_all_other__semester1__full__histgb,auroc,0.8995266989637152,0.9011122586069806,-0.001585559643265455
uci697,all,dropout_vs_all_other,semester1,histgb,c13_selected,targeted_gender_special_needs,full,uci697__all__dropout_vs_all_other__semester1__targeted_gender_special_needs__histgb,uci697__all__dropout_vs_all_other__semester1__full__histgb,brier,0.10613080952426873,0.10475357679955512,0.0013772327247136146
uci697,all,dropout_vs_all_other,semester1,logistic,c13_selected,legacy_operational,full,uci697__all__dropout_vs_all_other__semester1__legacy_operational__logistic,uci697__all__dropout_vs_all_other__semester1__full__logistic,average_precision,0.7983524393284409,0.8607340340458774,-0.06238159471743654
uci697,all,dropout_vs_all_other,semester1,logistic,c13_selected,legacy_operational,full,uci697__all__dropout_vs_all_other__semester1__legacy_operational__logistic,uci697__all__dropout_vs_all_other__semester1__full__logistic,auroc,0.870323905510394,0.9057651239213519,-0.03544121841095793
uci697,all,dropout_vs_all_other,semester1,logistic,c13_selected,legacy_operational,full,uci697__all__dropout_vs_all_other__semester1__legacy_operational__logistic,uci697__all__dropout_vs_all_other__semester1__full__logistic,brier,0.1257356221551782,0.10278312640779293,0.022952495747385268
uci697,all,dropout_vs_all_other,semester1,logistic,c13_selected,no_direct_personal,full,uci697__all__dropout_vs_all_other__semester1__no_direct_personal__logistic,uci697__all__dropout_vs_all_other__semester1__full__logistic,average_precision,0.8582495392189773,0.8607340340458774,-0.002484494826900163
uci697,all,dropout_vs_all_other,semester1,logistic,c13_selected,no_direct_personal,full,uci697__all__dropout_vs_all_other__semester1__no_direct_personal__logistic,uci697__all__dropout_vs_all_other__semester1__full__logistic,auroc,0.9031058081022894,0.9057651239213519,-0.0026593158190625354
uci697,all,dropout_vs_all_other,semester1,logistic,c13_selected,no_direct_personal,full,uci697__all__dropout_vs_all_other__semester1__no_direct_personal__logistic,uci697__all__dropout_vs_all_other__semester1__full__logistic,brier,0.10420338683841082,0.10278312640779293,0.001420260430617895
uci697,all,dropout_vs_all_other,semester1,logistic,c13_selected,no_family_financial,full,uci697__all__dropout_vs_all_other__semester1__no_family_financial__logistic,uci697__all__dropout_vs_all_other__semester1__full__logistic,average_precision,0.8100265497154705,0.8607340340458774,-0.05070748433040695
uci697,all,dropout_vs_all_other,semester1,logistic,c13_selected,no_family_financial,full,uci697__all__dropout_vs_all_other__semester1__no_family_financial__logistic,uci697__all__dropout_vs_all_other__semester1__full__logistic,auroc,0.8762110514397635,0.9057651239213519,-0.029554072481588367
uci697,all,dropout_vs_all_other,semester1,logistic,c13_selected,no_family_financial,full,uci697__all__dropout_vs_all_other__semester1__no_family_financial__logistic,uci697__all__dropout_vs_all_other__semester1__full__logistic,brier,0.12228811794230299,0.10278312640779293,0.01950499153451006
uci697,all,dropout_vs_all_other,semester1,logistic,c13_selected,targeted_gender_special_needs,full,uci697__all__dropout_vs_all_other__semester1__targeted_gender_special_needs__logistic,uci697__all__dropout_vs_all_other__semester1__full__logistic,average_precision,0.8588971921859578,0.8607340340458774,-0.0018368418599196135
uci697,all,dropout_vs_all_other,semester1,logistic,c13_selected,targeted_gender_special_needs,full,uci697__all__dropout_vs_all_other__semester1__targeted_gender_special_needs__logistic,uci697__all__dropout_vs_all_other__semester1__full__logistic,auroc,0.9038721072500101,0.9057651239213519,-0.001893016671341785
uci697,all,dropout_vs_all_other,semester1,logistic,c13_selected,targeted_gender_special_needs,full,uci697__all__dropout_vs_all_other__semester1__targeted_gender_special_needs__logistic,uci697__all__dropout_vs_all_other__semester1__full__logistic,brier,0.1037390562118883,0.10278312640779293,0.0009559298040953679
uci697,all,dropout_vs_graduate,enrollment,histgb,c13_selected,legacy_operational,full,uci697__all__dropout_vs_graduate__enrollment__legacy_operational__histgb,uci697__all__dropout_vs_graduate__enrollment__full__histgb,average_precision,0.6271108172276085,0.816398318852533,-0.18928750162492447
uci697,all,dropout_vs_graduate,enrollment,histgb,c13_selected,legacy_operational,full,uci697__all__dropout_vs_graduate__enrollment__legacy_operational__histgb,uci697__all__dropout_vs_graduate__enrollment__full__histgb,auroc,0.7263235073458365,0.8508293593892811,-0.12450585204344455
uci697,all,dropout_vs_graduate,enrollment,histgb,c13_selected,legacy_operational,full,uci697__all__dropout_vs_graduate__enrollment__legacy_operational__histgb,uci697__all__dropout_vs_graduate__enrollment__full__histgb,brier,0.20215668147892008,0.14792173414384444,0.05423494733507564
uci697,all,dropout_vs_graduate,enrollment,histgb,c13_selected,loo__age_at_enrollment,full,uci697__all__dropout_vs_graduate__enrollment__loo__age_at_enrollment__histgb,uci697__all__dropout_vs_graduate__enrollment__full__histgb,average_precision,0.8146789211092047,0.816398318852533,-0.0017193977433282992
uci697,all,dropout_vs_graduate,enrollment,histgb,c13_selected,loo__age_at_enrollment,full,uci697__all__dropout_vs_graduate__enrollment__loo__age_at_enrollment__histgb,uci697__all__dropout_vs_graduate__enrollment__full__histgb,auroc,0.849058884882999,0.8508293593892811,-0.0017704745062820937
uci697,all,dropout_vs_graduate,enrollment,histgb,c13_selected,loo__age_at_enrollment,full,uci697__all__dropout_vs_graduate__enrollment__loo__age_at_enrollment__histgb,uci697__all__dropout_vs_graduate__enrollment__full__histgb,brier,0.1487172067974852,0.14792173414384444,0.0007954726536407719
uci697,all,dropout_vs_graduate,enrollment,histgb,c13_selected,loo__displaced,full,uci697__all__dropout_vs_graduate__enrollment__loo__displaced__histgb,uci697__all__dropout_vs_graduate__enrollment__full__histgb,average_precision,0.8147642629243177,0.816398318852533,-0.0016340559282153055
uci697,all,dropout_vs_graduate,enrollment,histgb,c13_selected,loo__displaced,full,uci697__all__dropout_vs_graduate__enrollment__loo__displaced__histgb,uci697__all__dropout_vs_graduate__enrollment__full__histgb,auroc,0.8495654174003158,0.8508293593892811,-0.0012639419889652892
uci697,all,dropout_vs_graduate,enrollment,histgb,c13_selected,loo__displaced,full,uci697__all__dropout_vs_graduate__enrollment__loo__displaced__histgb,uci697__all__dropout_vs_graduate__enrollment__full__histgb,brier,0.14881370634769564,0.14792173414384444,0.0008919722038512046
uci697,all,dropout_vs_graduate,enrollment,histgb,c13_selected,loo__educational_special_needs,full,uci697__all__dropout_vs_graduate__enrollment__loo__educational_special_needs__histgb,uci697__all__dropout_vs_graduate__enrollment__full__histgb,average_precision,0.8161941769480533,0.816398318852533,-0.00020414190447970437
uci697,all,dropout_vs_graduate,enrollment,histgb,c13_selected,loo__educational_special_needs,full,uci697__all__dropout_vs_graduate__enrollment__loo__educational_special_needs__histgb,uci697__all__dropout_vs_graduate__enrollment__full__histgb,auroc,0.8507051155642789,0.8508293593892811,-0.00012424382500220155
uci697,all,dropout_vs_graduate,enrollment,histgb,c13_selected,loo__educational_special_needs,full,uci697__all__dropout_vs_graduate__enrollment__loo__educational_special_needs__histgb,uci697__all__dropout_vs_graduate__enrollment__full__histgb,brier,0.1479872188868196,0.14792173414384444,6.548474297515816e-05
uci697,all,dropout_vs_graduate,enrollment,histgb,c13_selected,loo__gender,full,uci697__all__dropout_vs_graduate__enrollment__loo__gender__histgb,uci697__all__dropout_vs_graduate__enrollment__full__histgb,average_precision,0.8128099062389651,0.816398318852533,-0.003588412613567904
uci697,all,dropout_vs_graduate,enrollment,histgb,c13_selected,loo__gender,full,uci697__all__dropout_vs_graduate__enrollment__loo__gender__histgb,uci697__all__dropout_vs_graduate__enrollment__full__histgb,auroc,0.8452648288987314,0.8508293593892811,-0.005564530490549613
uci697,all,dropout_vs_graduate,enrollment,histgb,c13_selected,loo__gender,full,uci697__all__dropout_vs_graduate__enrollment__loo__gender__histgb,uci697__all__dropout_vs_graduate__enrollment__full__histgb,brier,0.14963695209510813,0.14792173414384444,0.0017152179512636978
uci697,all,dropout_vs_graduate,enrollment,histgb,c13_selected,loo__international,full,uci697__all__dropout_vs_graduate__enrollment__loo__international__histgb,uci697__all__dropout_vs_graduate__enrollment__full__histgb,average_precision,0.816398318852533,0.816398318852533,0.0
uci697,all,dropout_vs_graduate,enrollment,histgb,c13_selected,loo__international,full,uci697__all__dropout_vs_graduate__enrollment__loo__international__histgb,uci697__all__dropout_vs_graduate__enrollment__full__histgb,auroc,0.8508293593892811,0.8508293593892811,0.0
uci697,all,dropout_vs_graduate,enrollment,histgb,c13_selected,loo__international,full,uci697__all__dropout_vs_graduate__enrollment__loo__international__histgb,uci697__all__dropout_vs_graduate__enrollment__full__histgb,brier,0.14792173414384444,0.14792173414384444,0.0
uci697,all,dropout_vs_graduate,enrollment,histgb,c13_selected,loo__marital_status,full,uci697__all__dropout_vs_graduate__enrollment__loo__marital_status__histgb,uci697__all__dropout_vs_graduate__enrollment__full__histgb,average_precision,0.8136790674387901,0.816398318852533,-0.0027192514137428514
uci697,all,dropout_vs_graduate,enrollment,histgb,c13_selected,loo__marital_status,full,uci697__all__dropout_vs_graduate__enrollment__loo__marital_status__histgb,uci697__all__dropout_vs_graduate__enrollment__full__histgb,auroc,0.8486515881387289,0.8508293593892811,-0.002177771250552185
uci697,all,dropout_vs_graduate,enrollment,histgb,c13_selected,loo__marital_status,full,uci697__all__dropout_vs_graduate__enrollment__loo__marital_status__histgb,uci697__all__dropout_vs_graduate__enrollment__full__histgb,brier,0.14924045312667522,0.14792173414384444,0.0013187189828307855
uci697,all,dropout_vs_graduate,enrollment,histgb,c13_selected,loo__nacionality,full,uci697__all__dropout_vs_graduate__enrollment__loo__nacionality__histgb,uci697__all__dropout_vs_graduate__enrollment__full__histgb,average_precision,0.816398318852533,0.816398318852533,0.0
uci697,all,dropout_vs_graduate,enrollment,histgb,c13_selected,loo__nacionality,full,uci697__all__dropout_vs_graduate__enrollment__loo__nacionality__histgb,uci697__all__dropout_vs_graduate__enrollment__full__histgb,auroc,0.8508293593892811,0.8508293593892811,0.0
uci697,all,dropout_vs_graduate,enrollment,histgb,c13_selected,loo__nacionality,full,uci697__all__dropout_vs_graduate__enrollment__loo__nacionality__histgb,uci697__all__dropout_vs_graduate__enrollment__full__histgb,brier,0.14792173414384444,0.14792173414384444,0.0
uci697,all,dropout_vs_graduate,enrollment,histgb,c13_selected,no_direct_personal,full,uci697__all__dropout_vs_graduate__enrollment__no_direct_personal__histgb,uci697__all__dropout_vs_graduate__enrollment__full__histgb,average_precision,0.8073412632387762,0.816398318852533,-0.009057055613756804
uci697,all,dropout_vs_graduate,enrollment,histgb,c13_selected,no_direct_personal,full,uci697__all__dropout_vs_graduate__enrollment__no_direct_personal__histgb,uci697__all__dropout_vs_graduate__enrollment__full__histgb,auroc,0.8400378274661046,0.8508293593892811,-0.0107915319231765
uci697,all,dropout_vs_graduate,enrollment,histgb,c13_selected,no_direct_personal,full,uci697__all__dropout_vs_graduate__enrollment__no_direct_personal__histgb,uci697__all__dropout_vs_graduate__enrollment__full__histgb,brier,0.15171185694989786,0.14792173414384444,0.0037901228060534253
uci697,all,dropout_vs_graduate,enrollment,histgb,c13_selected,no_family_financial,full,uci697__all__dropout_vs_graduate__enrollment__no_family_financial__histgb,uci697__all__dropout_vs_graduate__enrollment__full__histgb,average_precision,0.6874957529988387,0.816398318852533,-0.1289025658536943
uci697,all,dropout_vs_graduate,enrollment,histgb,c13_selected,no_family_financial,full,uci697__all__dropout_vs_graduate__enrollment__no_family_financial__histgb,uci697__all__dropout_vs_graduate__enrollment__full__histgb,auroc,0.7761591391368368,0.8508293593892811,-0.0746702202524443
uci697,all,dropout_vs_graduate,enrollment,histgb,c13_selected,no_family_financial,full,uci697__all__dropout_vs_graduate__enrollment__no_family_financial__histgb,uci697__all__dropout_vs_graduate__enrollment__full__histgb,brier,0.18492014777698845,0.14792173414384444,0.03699841363314402
uci697,all,dropout_vs_graduate,enrollment,histgb,c13_selected,targeted_gender_special_needs,full,uci697__all__dropout_vs_graduate__enrollment__targeted_gender_special_needs__histgb,uci697__all__dropout_vs_graduate__enrollment__full__histgb,average_precision,0.8126974433121115,0.816398318852533,-0.003700875540421533
uci697,all,dropout_vs_graduate,enrollment,histgb,c13_selected,targeted_gender_special_needs,full,uci697__all__dropout_vs_graduate__enrollment__targeted_gender_special_needs__histgb,uci697__all__dropout_vs_graduate__enrollment__full__histgb,auroc,0.8449344677537896,0.8508293593892811,-0.005894891635491506
uci697,all,dropout_vs_graduate,enrollment,histgb,c13_selected,targeted_gender_special_needs,full,uci697__all__dropout_vs_graduate__enrollment__targeted_gender_special_needs__histgb,uci697__all__dropout_vs_graduate__enrollment__full__histgb,brier,0.14973244543641714,0.14792173414384444,0.0018107112925727087
uci697,all,dropout_vs_graduate,enrollment,logistic,c13_selected,legacy_operational,full,uci697__all__dropout_vs_graduate__enrollment__legacy_operational__logistic,uci697__all__dropout_vs_graduate__enrollment__full__logistic,average_precision,0.6264976842218054,0.8183878804333855,-0.1918901962115801
uci697,all,dropout_vs_graduate,enrollment,logistic,c13_selected,legacy_operational,full,uci697__all__dropout_vs_graduate__enrollment__legacy_operational__logistic,uci697__all__dropout_vs_graduate__enrollment__full__logistic,auroc,0.724449337031764,0.8513170960458925,-0.1268677590141285
uci697,all,dropout_vs_graduate,enrollment,logistic,c13_selected,legacy_operational,full,uci697__all__dropout_vs_graduate__enrollment__legacy_operational__logistic,uci697__all__dropout_vs_graduate__enrollment__full__logistic,brier,0.20317012638295665,0.14714972814621835,0.056020398236738295
uci697,all,dropout_vs_graduate,enrollment,logistic,c13_selected,no_direct_personal,full,uci697__all__dropout_vs_graduate__enrollment__no_direct_personal__logistic,uci697__all__dropout_vs_graduate__enrollment__full__logistic,average_precision,0.8127572209097698,0.8183878804333855,-0.005630659523615744
uci697,all,dropout_vs_graduate,enrollment,logistic,c13_selected,no_direct_personal,full,uci697__all__dropout_vs_graduate__enrollment__no_direct_personal__logistic,uci697__all__dropout_vs_graduate__enrollment__full__logistic,auroc,0.8458653407195755,0.8513170960458925,-0.0054517553263169205
uci697,all,dropout_vs_graduate,enrollment,logistic,c13_selected,no_direct_personal,full,uci697__all__dropout_vs_graduate__enrollment__no_direct_personal__logistic,uci697__all__dropout_vs_graduate__enrollment__full__logistic,brier,0.1493940681705156,0.14714972814621835,0.0022443400242972422
uci697,all,dropout_vs_graduate,enrollment,logistic,c13_selected,no_family_financial,full,uci697__all__dropout_vs_graduate__enrollment__no_family_financial__logistic,uci697__all__dropout_vs_graduate__enrollment__full__logistic,average_precision,0.6759017239680783,0.8183878804333855,-0.14248615646530716
uci697,all,dropout_vs_graduate,enrollment,logistic,c13_selected,no_family_financial,full,uci697__all__dropout_vs_graduate__enrollment__no_family_financial__logistic,uci697__all__dropout_vs_graduate__enrollment__full__logistic,auroc,0.7685122502818582,0.8513170960458925,-0.08280484576403424
uci697,all,dropout_vs_graduate,enrollment,logistic,c13_selected,no_family_financial,full,uci697__all__dropout_vs_graduate__enrollment__no_family_financial__logistic,uci697__all__dropout_vs_graduate__enrollment__full__logistic,brier,0.18815677783561588,0.14714972814621835,0.04100704968939753
uci697,all,dropout_vs_graduate,enrollment,logistic,c13_selected,targeted_gender_special_needs,full,uci697__all__dropout_vs_graduate__enrollment__targeted_gender_special_needs__logistic,uci697__all__dropout_vs_graduate__enrollment__full__logistic,average_precision,0.8133689726009092,0.8183878804333855,-0.0050189078324762715
uci697,all,dropout_vs_graduate,enrollment,logistic,c13_selected,targeted_gender_special_needs,full,uci697__all__dropout_vs_graduate__enrollment__targeted_gender_special_needs__logistic,uci697__all__dropout_vs_graduate__enrollment__full__logistic,auroc,0.8464910198793306,0.8513170960458925,-0.004826076166561832
uci697,all,dropout_vs_graduate,enrollment,logistic,c13_selected,targeted_gender_special_needs,full,uci697__all__dropout_vs_graduate__enrollment__targeted_gender_special_needs__logistic,uci697__all__dropout_vs_graduate__enrollment__full__logistic,brier,0.14933056497110614,0.14714972814621835,0.0021808368248877885
uci697,all,dropout_vs_graduate,semester1,histgb,c13_selected,legacy_operational,full,uci697__all__dropout_vs_graduate__semester1__legacy_operational__histgb,uci697__all__dropout_vs_graduate__semester1__full__histgb,average_precision,0.9015509658134719,0.9308581323594359,-0.029307166545963992
uci697,all,dropout_vs_graduate,semester1,histgb,c13_selected,legacy_operational,full,uci697__all__dropout_vs_graduate__semester1__legacy_operational__histgb,uci697__all__dropout_vs_graduate__semester1__full__histgb,auroc,0.9150001799942594,0.9355276491889586,-0.020527469194699166
uci697,all,dropout_vs_graduate,semester1,histgb,c13_selected,legacy_operational,full,uci697__all__dropout_vs_graduate__semester1__legacy_operational__histgb,uci697__all__dropout_vs_graduate__semester1__full__histgb,brier,0.09941013545327419,0.0827051171996551,0.016705018253619086
uci697,all,dropout_vs_graduate,semester1,histgb,c13_selected,loo__age_at_enrollment,full,uci697__all__dropout_vs_graduate__semester1__loo__age_at_enrollment__histgb,uci697__all__dropout_vs_graduate__semester1__full__histgb,average_precision,0.9302836941985358,0.9308581323594359,-0.0005744381609000815
uci697,all,dropout_vs_graduate,semester1,histgb,c13_selected,loo__age_at_enrollment,full,uci697__all__dropout_vs_graduate__semester1__loo__age_at_enrollment__histgb,uci697__all__dropout_vs_graduate__semester1__full__histgb,auroc,0.935580532458062,0.9355276491889586,5.28832691034653e-05
uci697,all,dropout_vs_graduate,semester1,histgb,c13_selected,loo__age_at_enrollment,full,uci697__all__dropout_vs_graduate__semester1__loo__age_at_enrollment__histgb,uci697__all__dropout_vs_graduate__semester1__full__histgb,brier,0.0829118938206779,0.0827051171996551,0.00020677662102279448
uci697,all,dropout_vs_graduate,semester1,histgb,c13_selected,loo__displaced,full,uci697__all__dropout_vs_graduate__semester1__loo__displaced__histgb,uci697__all__dropout_vs_graduate__semester1__full__histgb,average_precision,0.9300138796992576,0.9308581323594359,-0.0008442526601782907
uci697,all,dropout_vs_graduate,semester1,histgb,c13_selected,loo__displaced,full,uci697__all__dropout_vs_graduate__semester1__loo__displaced__histgb,uci697__all__dropout_vs_graduate__semester1__full__histgb,auroc,0.9343632615469504,0.9355276491889586,-0.0011643876420082133
uci697,all,dropout_vs_graduate,semester1,histgb,c13_selected,loo__displaced,full,uci697__all__dropout_vs_graduate__semester1__loo__displaced__histgb,uci697__all__dropout_vs_graduate__semester1__full__histgb,brier,0.08313076976777012,0.0827051171996551,0.00042565256811501195
uci697,all,dropout_vs_graduate,semester1,histgb,c13_selected,loo__educational_special_needs,full,uci697__all__dropout_vs_graduate__semester1__loo__educational_special_needs__histgb,uci697__all__dropout_vs_graduate__semester1__full__histgb,average_precision,0.9308581323594359,0.9308581323594359,0.0
uci697,all,dropout_vs_graduate,semester1,histgb,c13_selected,loo__educational_special_needs,full,uci697__all__dropout_vs_graduate__semester1__loo__educational_special_needs__histgb,uci697__all__dropout_vs_graduate__semester1__full__histgb,auroc,0.9355276491889586,0.9355276491889586,0.0
uci697,all,dropout_vs_graduate,semester1,histgb,c13_selected,loo__educational_special_needs,full,uci697__all__dropout_vs_graduate__semester1__loo__educational_special_needs__histgb,uci697__all__dropout_vs_graduate__semester1__full__histgb,brier,0.0827051171996551,0.0827051171996551,0.0
uci697,all,dropout_vs_graduate,semester1,histgb,c13_selected,loo__gender,full,uci697__all__dropout_vs_graduate__semester1__loo__gender__histgb,uci697__all__dropout_vs_graduate__semester1__full__histgb,average_precision,0.9301658513622074,0.9308581323594359,-0.0006922809972285116
uci697,all,dropout_vs_graduate,semester1,histgb,c13_selected,loo__gender,full,uci697__all__dropout_vs_graduate__semester1__loo__gender__histgb,uci697__all__dropout_vs_graduate__semester1__full__histgb,auroc,0.9341635157052159,0.9355276491889586,-0.0013641334837426466
uci697,all,dropout_vs_graduate,semester1,histgb,c13_selected,loo__gender,full,uci697__all__dropout_vs_graduate__semester1__loo__gender__histgb,uci697__all__dropout_vs_graduate__semester1__full__histgb,brier,0.08406356423962724,0.0827051171996551,0.0013584470399721355
uci697,all,dropout_vs_graduate,semester1,histgb,c13_selected,loo__international,full,uci697__all__dropout_vs_graduate__semester1__loo__international__histgb,uci697__all__dropout_vs_graduate__semester1__full__histgb,average_precision,0.9308581323594359,0.9308581323594359,0.0
uci697,all,dropout_vs_graduate,semester1,histgb,c13_selected,loo__international,full,uci697__all__dropout_vs_graduate__semester1__loo__international__histgb,uci697__all__dropout_vs_graduate__semester1__full__histgb,auroc,0.9355276491889586,0.9355276491889586,0.0
uci697,all,dropout_vs_graduate,semester1,histgb,c13_selected,loo__international,full,uci697__all__dropout_vs_graduate__semester1__loo__international__histgb,uci697__all__dropout_vs_graduate__semester1__full__histgb,brier,0.0827051171996551,0.0827051171996551,0.0
uci697,all,dropout_vs_graduate,semester1,histgb,c13_selected,loo__marital_status,full,uci697__all__dropout_vs_graduate__semester1__loo__marital_status__histgb,uci697__all__dropout_vs_graduate__semester1__full__histgb,average_precision,0.9303887550021906,0.9308581323594359,-0.00046937735724528196
uci697,all,dropout_vs_graduate,semester1,histgb,c13_selected,loo__marital_status,full,uci697__all__dropout_vs_graduate__semester1__loo__marital_status__histgb,uci697__all__dropout_vs_graduate__semester1__full__histgb,auroc,0.9349688705503588,0.9355276491889586,-0.0005587786385997662
uci697,all,dropout_vs_graduate,semester1,histgb,c13_selected,loo__marital_status,full,uci697__all__dropout_vs_graduate__semester1__loo__marital_status__histgb,uci697__all__dropout_vs_graduate__semester1__full__histgb,brier,0.08319795869866749,0.0827051171996551,0.0004928414990123808
uci697,all,dropout_vs_graduate,semester1,histgb,c13_selected,loo__nacionality,full,uci697__all__dropout_vs_graduate__semester1__loo__nacionality__histgb,uci697__all__dropout_vs_graduate__semester1__full__histgb,average_precision,0.9308581323594359,0.9308581323594359,0.0
uci697,all,dropout_vs_graduate,semester1,histgb,c13_selected,loo__nacionality,full,uci697__all__dropout_vs_graduate__semester1__loo__nacionality__histgb,uci697__all__dropout_vs_graduate__semester1__full__histgb,auroc,0.9355276491889586,0.9355276491889586,0.0
uci697,all,dropout_vs_graduate,semester1,histgb,c13_selected,loo__nacionality,full,uci697__all__dropout_vs_graduate__semester1__loo__nacionality__histgb,uci697__all__dropout_vs_graduate__semester1__full__histgb,brier,0.0827051171996551,0.0827051171996551,0.0
uci697,all,dropout_vs_graduate,semester1,histgb,c13_selected,no_direct_personal,full,uci697__all__dropout_vs_graduate__semester1__no_direct_personal__histgb,uci697__all__dropout_vs_graduate__semester1__full__histgb,average_precision,0.9289075537646162,0.9308581323594359,-0.0019505785948197296
uci697,all,dropout_vs_graduate,semester1,histgb,c13_selected,no_direct_personal,full,uci697__all__dropout_vs_graduate__semester1__no_direct_personal__histgb,uci697__all__dropout_vs_graduate__semester1__full__histgb,auroc,0.9349535790026662,0.9355276491889586,-0.000574070186292408
uci697,all,dropout_vs_graduate,semester1,histgb,c13_selected,no_direct_personal,full,uci697__all__dropout_vs_graduate__semester1__no_direct_personal__histgb,uci697__all__dropout_vs_graduate__semester1__full__histgb,brier,0.08432783811539382,0.0827051171996551,0.0016227209157387151
uci697,all,dropout_vs_graduate,semester1,histgb,c13_selected,no_family_financial,full,uci697__all__dropout_vs_graduate__semester1__no_family_financial__histgb,uci697__all__dropout_vs_graduate__semester1__full__histgb,average_precision,0.9085675970709914,0.9308581323594359,-0.02229053528844449
uci697,all,dropout_vs_graduate,semester1,histgb,c13_selected,no_family_financial,full,uci697__all__dropout_vs_graduate__semester1__no_family_financial__histgb,uci697__all__dropout_vs_graduate__semester1__full__histgb,auroc,0.9200758588195117,0.9355276491889586,-0.015451790369446883
uci697,all,dropout_vs_graduate,semester1,histgb,c13_selected,no_family_financial,full,uci697__all__dropout_vs_graduate__semester1__no_family_financial__histgb,uci697__all__dropout_vs_graduate__semester1__full__histgb,brier,0.0959057242764449,0.0827051171996551,0.0132006070767898
uci697,all,dropout_vs_graduate,semester1,histgb,c13_selected,targeted_gender_special_needs,full,uci697__all__dropout_vs_graduate__semester1__targeted_gender_special_needs__histgb,uci697__all__dropout_vs_graduate__semester1__full__histgb,average_precision,0.9301574997004104,0.9308581323594359,-0.0007006326590255352
uci697,all,dropout_vs_graduate,semester1,histgb,c13_selected,targeted_gender_special_needs,full,uci697__all__dropout_vs_graduate__semester1__targeted_gender_special_needs__histgb,uci697__all__dropout_vs_graduate__semester1__full__histgb,auroc,0.9341874087484855,0.9355276491889586,-0.001340240440473095
uci697,all,dropout_vs_graduate,semester1,histgb,c13_selected,targeted_gender_special_needs,full,uci697__all__dropout_vs_graduate__semester1__targeted_gender_special_needs__histgb,uci697__all__dropout_vs_graduate__semester1__full__histgb,brier,0.0840552650380791,0.0827051171996551,0.0013501478384239929
uci697,all,dropout_vs_graduate,semester1,logistic,c13_selected,legacy_operational,full,uci697__all__dropout_vs_graduate__semester1__legacy_operational__logistic,uci697__all__dropout_vs_graduate__semester1__full__logistic,average_precision,0.9047017705582423,0.929180921495094,-0.024479150936851712
uci697,all,dropout_vs_graduate,semester1,logistic,c13_selected,legacy_operational,full,uci697__all__dropout_vs_graduate__semester1__legacy_operational__logistic,uci697__all__dropout_vs_graduate__semester1__full__logistic,auroc,0.9176419541451085,0.9360854721058277,-0.01844351796071919
uci697,all,dropout_vs_graduate,semester1,logistic,c13_selected,legacy_operational,full,uci697__all__dropout_vs_graduate__semester1__legacy_operational__logistic,uci697__all__dropout_vs_graduate__semester1__full__logistic,brier,0.10142131691745696,0.08469185161430133,0.016729465303155625
uci697,all,dropout_vs_graduate,semester1,logistic,c13_selected,no_direct_personal,full,uci697__all__dropout_vs_graduate__semester1__no_direct_personal__logistic,uci697__all__dropout_vs_graduate__semester1__full__logistic,average_precision,0.9283387546058897,0.929180921495094,-0.0008421668892043543
uci697,all,dropout_vs_graduate,semester1,logistic,c13_selected,no_direct_personal,full,uci697__all__dropout_vs_graduate__semester1__no_direct_personal__logistic,uci697__all__dropout_vs_graduate__semester1__full__logistic,auroc,0.9347461873870856,0.9360854721058277,-0.0013392847187421175
uci697,all,dropout_vs_graduate,semester1,logistic,c13_selected,no_direct_personal,full,uci697__all__dropout_vs_graduate__semester1__no_direct_personal__logistic,uci697__all__dropout_vs_graduate__semester1__full__logistic,brier,0.0858035266576589,0.08469185161430133,0.001111675043357574
uci697,all,dropout_vs_graduate,semester1,logistic,c13_selected,no_family_financial,full,uci697__all__dropout_vs_graduate__semester1__no_family_financial__logistic,uci697__all__dropout_vs_graduate__semester1__full__logistic,average_precision,0.9046762104140252,0.929180921495094,-0.024504711081068775
uci697,all,dropout_vs_graduate,semester1,logistic,c13_selected,no_family_financial,full,uci697__all__dropout_vs_graduate__semester1__no_family_financial__logistic,uci697__all__dropout_vs_graduate__semester1__full__logistic,auroc,0.918836924882502,0.9360854721058277,-0.017248547223325694
uci697,all,dropout_vs_graduate,semester1,logistic,c13_selected,no_family_financial,full,uci697__all__dropout_vs_graduate__semester1__no_family_financial__logistic,uci697__all__dropout_vs_graduate__semester1__full__logistic,brier,0.10000457209701137,0.08469185161430133,0.01531272048271004
uci697,all,dropout_vs_graduate,semester1,logistic,c13_selected,targeted_gender_special_needs,full,uci697__all__dropout_vs_graduate__semester1__targeted_gender_special_needs__logistic,uci697__all__dropout_vs_graduate__semester1__full__logistic,average_precision,0.9284315670795192,0.929180921495094,-0.0007493544155747767
uci697,all,dropout_vs_graduate,semester1,logistic,c13_selected,targeted_gender_special_needs,full,uci697__all__dropout_vs_graduate__semester1__targeted_gender_special_needs__logistic,uci697__all__dropout_vs_graduate__semester1__full__logistic,auroc,0.9350886543406173,0.9360854721058277,-0.0009968177652104337
uci697,all,dropout_vs_graduate,semester1,logistic,c13_selected,targeted_gender_special_needs,full,uci697__all__dropout_vs_graduate__semester1__targeted_gender_special_needs__logistic,uci697__all__dropout_vs_graduate__semester1__full__logistic,brier,0.08565593494491713,0.08469185161430133,0.0009640833306158031
