dataset,subject,outcome,stage,policy,model,grid,analysis_group,config_id,source_prediction_sha256,n,risk_cases,prevalence,average_precision,auroc,brier,exploratory
oulad,all,future_fail_or_withdrawn,day14,full,histgb,standard,main,day14__full__standard,bd6d040dd9b37418f4a44e3bd845ac1885f4131671e56e4898268457f580037d,9331,3885,0.4163540885221305,0.6366484237853657,0.7073367344575571,0.2153607814550062,
oulad,all,future_fail_or_withdrawn,day14,loo_no_age_band,histgb,standard,leave_one_out,day14__loo_no_age_band__standard,1dec2feb1da66aec9524b8e9087e304c0c2c4e1e937c3b291204bdaa92cb4167,9331,3885,0.4163540885221305,0.6364594005815677,0.707330117484359,0.21538512252406697,
oulad,all,future_fail_or_withdrawn,day14,loo_no_disability,histgb,standard,leave_one_out,day14__loo_no_disability__standard,ac0ff76eccffdfff15865f7cc29be50e73a688bc4a6c3bfb9c1553bfc1b03ece,9331,3885,0.4163540885221305,0.6351135035240372,0.7063924214860682,0.21570806487201172,
oulad,all,future_fail_or_withdrawn,day14,loo_no_gender,histgb,standard,leave_one_out,day14__loo_no_gender__standard,3610fc6f08799eb3fdf5ff710ec43f31512f9ddfb9bcd24385fe4eb401002dcc,9331,3885,0.4163540885221305,0.6365496309012065,0.7074051492340144,0.21535997750942196,
oulad,all,future_fail_or_withdrawn,day14,loo_no_highest_education,histgb,standard,leave_one_out,day14__loo_no_highest_education__standard,c494ce1740221d6e69e090dca71f049540a169d6b30631fcc47f806d3379cb73,9331,3885,0.4163540885221305,0.6229266846734398,0.69935888619326,0.21804749844700744,
oulad,all,future_fail_or_withdrawn,day14,loo_no_imd_band,histgb,standard,leave_one_out,day14__loo_no_imd_band__standard,cb79c8b00b681a3ccc44e86f0cf6d0eb01990c840bf58c70788bbf0bcafd6f08,9331,3885,0.4163540885221305,0.6326606597847907,0.7044027449095388,0.21643061211618947,
oulad,all,future_fail_or_withdrawn,day14,loo_no_region,histgb,standard,leave_one_out,day14__loo_no_region__standard,0fb37ab927c18d12a5be8e2a378511c4b2ce8ff92f97b06bc953ed3d6de1debd,9331,3885,0.4163540885221305,0.6366715365147795,0.7074925405443216,0.21520259277142625,
oulad,all,future_fail_or_withdrawn,day14,minimized,histgb,standard,main,day14__minimized__standard,d7715d6f7eb834363af42df6ae734468e0d237907cf519f46828e7c9719f7e92,9331,3885,0.4163540885221305,0.6150582954510389,0.6911683731367904,0.22030333576891256,
oulad,all,future_fail_or_withdrawn,day14,partial_gender_disability,histgb,standard,main,day14__partial_gender_disability__standard,59b201f58f515191a35ca2726f5fbd160f9d2a5e735395fc1aca054c314271f8,9331,3885,0.4163540885221305,0.6332279765393463,0.7054961997305002,0.21607840314053772,
oulad,all,future_fail_or_withdrawn,day28,full,histgb,standard,main,day28__full__standard,3c5034d7ca2ae6d6d9d9a6db40147e3e894241db1aef2efae2c789d2db808fa7,9211,3755,0.4076647486700684,0.6799420283695042,0.7353842481774057,0.20120978866851247,
oulad,all,future_fail_or_withdrawn,day28,minimized,histgb,standard,main,day28__minimized__standard,c6772637afa7c5d3d320d5790ebbbe1ecd2ed908840eeb278de6316e85854b9c,9211,3755,0.4076647486700684,0.664315453665089,0.7198290353819541,0.20560131243744478,
oulad,all,future_fail_or_withdrawn,day28,partial_gender_disability,histgb,standard,main,day28__partial_gender_disability__standard,0a35ac21ccbc61cc2b0f2bbdb924dc9b5600f4850a8c1027e940477e05496e38,9211,3755,0.4076647486700684,0.6800527029209623,0.7348146264413822,0.20133869092828585,
oulad,all,future_fail_or_withdrawn,day42,full,histgb,standard,main,day42__full__standard,d228aad69a6059165b275e6dd90e09daa076a3a4ec3452d433c70e760639927e,9040,3584,0.39646017699115044,0.6943168428968944,0.7603274961870287,0.19092349066529288,
oulad,all,future_fail_or_withdrawn,day42,loo_no_age_band,histgb,standard,leave_one_out,day42__loo_no_age_band__standard,1c6f0e0d03ad4a00398fa0b148d60d4de331d714614bc047bb15c4fc96704306,9040,3584,0.39646017699115044,0.6958765824379238,0.7605271964678466,0.1908251412154663,
oulad,all,future_fail_or_withdrawn,day42,loo_no_disability,histgb,standard,leave_one_out,day42__loo_no_disability__standard,4a710bd72575f5fc119b95c72896557dc5e9e758d3a234d6d7f483603cc26027,9040,3584,0.39646017699115044,0.6919890626216849,0.757803755122146,0.19181632551600394,
oulad,all,future_fail_or_withdrawn,day42,loo_no_gender,histgb,standard,leave_one_out,day42__loo_no_gender__standard,acebf1ffc528d51dd76c3cc5384396cb0ab0c6495132de5daf37a9b451a7b627,9040,3584,0.39646017699115044,0.694313208676182,0.7598310581649954,0.1911405663636373,
oulad,all,future_fail_or_withdrawn,day42,loo_no_highest_education,histgb,standard,leave_one_out,day42__loo_no_highest_education__standard,d1cc38f387222abcf1e24d71642f362a2e91e3770566c36d17811ea6739e3e83,9040,3584,0.39646017699115044,0.6835554388784935,0.7509547003053649,0.19446951814904784,
oulad,all,future_fail_or_withdrawn,day42,loo_no_imd_band,histgb,standard,leave_one_out,day42__loo_no_imd_band__standard,ac7c6693119239cf8a95261d21ee60f7ad152f31bf63aec6a23f1fd935dcced7,9040,3584,0.39646017699115044,0.6925545347142563,0.7571543584471223,0.19206587520726306,
oulad,all,future_fail_or_withdrawn,day42,loo_no_region,histgb,standard,leave_one_out,day42__loo_no_region__standard,5ed9d7907ed8cdc7b8426968735551309efc2678617bb3532b8620d2ca8e4d6b,9040,3584,0.39646017699115044,0.6960559110687592,0.7609032517853871,0.19057448433434143,
oulad,all,future_fail_or_withdrawn,day42,minimized,histgb,standard,main,day42__minimized__standard,0e0c26dd2c8b6a7d272a6c3e1d4fc9ac17f4eb60e104910c114b4a530bb47255,9040,3584,0.39646017699115044,0.6798489265535432,0.7460854142392386,0.19599203381260044,
oulad,all,future_fail_or_withdrawn,day42,partial_gender_disability,histgb,standard,main,day42__partial_gender_disability__standard,df5582fbee189c267d52e210c40b64d43ce871f7cf5e4b4877b30a823dd372df,9040,3584,0.39646017699115044,0.693443223387538,0.7585028083842821,0.19149531634549874,
oulad,all,future_fail_or_withdrawn,day42,strict_enriched_due_process,histgb,expanded,strict,day42__strict_enriched_due_process__expanded,aa152a9dff81ea143865da8f07d3513dfb018f574413a202ed827a116155f660,9040,3584,0.39646017699115044,0.613931026698316,0.7041651034984422,0.2094740664419571,
oulad,all,future_fail_or_withdrawn,day42,strict_enriched_due_process,histgb,standard,strict,day42__strict_enriched_due_process__standard,6a0cc6080cc10d3ad6bc95d6b1d6c0fb89581e185081ce84cc728c88250bc312,9040,3584,0.39646017699115044,0.613931026698316,0.7041651034984422,0.2094740664419571,
oulad,all,future_fail_or_withdrawn,day42,strict_original,histgb,expanded,strict,day42__strict_original__expanded,a705a18c6ec3c266ed5b5d23ba8adf3c35290549548ccb845cc91a5658fea140,9040,3584,0.39646017699115044,0.588303512891946,0.6726999334775607,0.21642465516273884,
oulad,all,future_fail_or_withdrawn,day42,strict_original,histgb,standard,strict,day42__strict_original__standard,ee474465168612d97695378577a984f4754921e25dd80c1be2bb30ca4de30c39,9040,3584,0.39646017699115044,0.588303512891946,0.6726999334775607,0.21642465516273884,
oulad,all,future_fail_or_withdrawn,day42,strict_typed_alternative,histgb,expanded,strict,day42__strict_typed_alternative__expanded,afec5594c81992ee1da272bb4ba0a2c17aa78a536002fbd831949f8a6a4c784c,9040,3584,0.39646017699115044,0.5945290957298294,0.683228152738139,0.2137626720706818,
oulad,all,future_fail_or_withdrawn,day42,strict_typed_alternative,histgb,standard,strict,day42__strict_typed_alternative__standard,39f0cdb48c4f7a2bba2d83542fb1ac59a05f66f7945c3a71deda2631b30513fa,9040,3584,0.39646017699115044,0.5945290957298294,0.683228152738139,0.2137626720706818,
oulad,all,future_fail_or_withdrawn,day56,full,histgb,standard,main,day56__full__standard,f52dc31c8bed8da27982c6dd0a95518340b1fe1e212605e805f3f6974d779289,8877,3420,0.38526529232848933,0.7237203553135708,0.781315028607497,0.18189666440005575,
oulad,all,future_fail_or_withdrawn,day56,minimized,histgb,standard,main,day56__minimized__standard,2cd6e084a9873d0d9d22a93a5a51a642742e54839fbcac0b22d211c33451c674,8877,3420,0.38526529232848933,0.7136650096397279,0.7706228225563604,0.1859511481465748,
oulad,all,future_fail_or_withdrawn,day56,partial_gender_disability,histgb,standard,main,day56__partial_gender_disability__standard,8ed40bd6864f7037c6961e573ae032d142b0d6cb4a3c350c1c16d49c28e1e9b2,8877,3420,0.38526529232848933,0.7230436726240467,0.7802045658401088,0.18233167499938985,
oulad,all,future_fail_or_withdrawn,day70,full,histgb,standard,main,day70__full__standard,ab7483b0b2298ae14ae4d5981703c00df2b4b2ebf16bb4ff1065fcf21b36e47f,8694,3237,0.3723257418909593,0.7378132033622132,0.7914716052578111,0.17302682127509672,
oulad,all,future_fail_or_withdrawn,day70,minimized,histgb,standard,main,day70__minimized__standard,929a835b95fed2655e1150c9f34f64cfedbc71fcdba0a9f8b645e135bcdb3d1f,8694,3237,0.3723257418909593,0.7292417850889461,0.7829200394988562,0.1761858589983426,
oulad,all,future_fail_or_withdrawn,day70,partial_gender_disability,histgb,standard,main,day70__partial_gender_disability__standard,673d7f4778c9bfedbb5de4288c4a57311a48344705452cd8d62edea8be9c5f60,8694,3237,0.3723257418909593,0.7369349394555619,0.7909365149805747,0.17330371962078667,
oulad,all,future_fail_or_withdrawn,day90,full,histgb,standard,main,day90__full__standard,efa8d52e02e4bfa1186ea2b545a7087d2816e0d3104fc219294e113aa63e2889,8532,3075,0.36040787623066106,0.7321889652243373,0.7926866812373456,0.1703788464442281,
oulad,all,future_fail_or_withdrawn,day90,minimized,histgb,standard,main,day90__minimized__standard,191e88e56eacf2d9664f39c251a82fbe88899019f9a4948e4da88e70c6d3b939,8532,3075,0.36040787623066106,0.7257105036229439,0.7861568120903859,0.1724454581935457,
oulad,all,future_fail_or_withdrawn,day90,partial_gender_disability,histgb,standard,main,day90__partial_gender_disability__standard,9e8dacd752a8c2d1fc878a2e24c998f36bd8f2840a525e7c54c711bcafd81dc6,8532,3075,0.36040787623066106,0.7317700172566144,0.7923035826290095,0.17063438416849533,
uci320,mathematics,fail_g3_lt_10,baseline,full,histgb,c13_selected,uci,uci320__mathematics__fail_g3_lt_10__baseline__full__histgb,1e77b96a42008b27a548794a1d8b331be850bc712aef634e7263f7a7bd66262d,395,130,0.3291139240506329,0.4324340311527223,0.6181712626995646,0.21581566626421766,False
uci320,mathematics,fail_g3_lt_10,baseline,full,logistic,c13_selected,uci,uci320__mathematics__fail_g3_lt_10__baseline__full__logistic,1e77b96a42008b27a548794a1d8b331be850bc712aef634e7263f7a7bd66262d,395,130,0.3291139240506329,0.45089903762114153,0.6375616835994196,0.2134915837461124,False
uci320,mathematics,fail_g3_lt_10,baseline,no_demographic_family,histgb,c13_selected,uci,uci320__mathematics__fail_g3_lt_10__baseline__no_demographic_family__histgb,1e77b96a42008b27a548794a1d8b331be850bc712aef634e7263f7a7bd66262d,395,130,0.3291139240506329,0.4578708940308863,0.6486066763425254,0.21127192581161536,False
uci320,mathematics,fail_g3_lt_10,baseline,no_demographic_family,logistic,c13_selected,uci,uci320__mathematics__fail_g3_lt_10__baseline__no_demographic_family__logistic,1e77b96a42008b27a548794a1d8b331be850bc712aef634e7263f7a7bd66262d,395,130,0.3291139240506329,0.47569333597561336,0.6366618287373005,0.21106922159239358,False
uci320,mathematics,fail_g3_lt_10,baseline,no_sensitive_wellbeing,histgb,c13_selected,uci,uci320__mathematics__fail_g3_lt_10__baseline__no_sensitive_wellbeing__histgb,1e77b96a42008b27a548794a1d8b331be850bc712aef634e7263f7a7bd66262d,395,130,0.3291139240506329,0.4614659583248235,0.6345718432510885,0.21141491831479997,False
uci320,mathematics,fail_g3_lt_10,baseline,no_sensitive_wellbeing,logistic,c13_selected,uci,uci320__mathematics__fail_g3_lt_10__baseline__no_sensitive_wellbeing__logistic,1e77b96a42008b27a548794a1d8b331be850bc712aef634e7263f7a7bd66262d,395,130,0.3291139240506329,0.4691487662598537,0.6486502177068214,0.21162764811158408,False
uci320,mathematics,fail_g3_lt_10,baseline,school_observable_only,histgb,c13_selected,uci,uci320__mathematics__fail_g3_lt_10__baseline__school_observable_only__histgb,1e77b96a42008b27a548794a1d8b331be850bc712aef634e7263f7a7bd66262d,395,130,0.3291139240506329,0.48606285709949165,0.6772714078374455,0.20419672440601755,False
uci320,mathematics,fail_g3_lt_10,baseline,school_observable_only,logistic,c13_selected,uci,uci320__mathematics__fail_g3_lt_10__baseline__school_observable_only__logistic,1e77b96a42008b27a548794a1d8b331be850bc712aef634e7263f7a7bd66262d,395,130,0.3291139240506329,0.4959583235525886,0.6470391872278667,0.20976976469414801,False
uci320,mathematics,fail_g3_lt_10,baseline,targeted_no_sex,histgb,c13_selected,uci,uci320__mathematics__fail_g3_lt_10__baseline__targeted_no_sex__histgb,1e77b96a42008b27a548794a1d8b331be850bc712aef634e7263f7a7bd66262d,395,130,0.3291139240506329,0.42895773449208724,0.6168359941944848,0.21606532282998064,False
uci320,mathematics,fail_g3_lt_10,baseline,targeted_no_sex,logistic,c13_selected,uci,uci320__mathematics__fail_g3_lt_10__baseline__targeted_no_sex__logistic,1e77b96a42008b27a548794a1d8b331be850bc712aef634e7263f7a7bd66262d,395,130,0.3291139240506329,0.45663989458350035,0.6357619738751814,0.21289005360694171,False
uci320,mathematics,fail_g3_lt_10,period1,full,histgb,c13_selected,uci,uci320__mathematics__fail_g3_lt_10__period1__full__histgb,1e77b96a42008b27a548794a1d8b331be850bc712aef634e7263f7a7bd66262d,395,130,0.3291139240506329,0.8247413251271486,0.9060957910014514,0.11855871115967818,False
uci320,mathematics,fail_g3_lt_10,period1,full,logistic,c13_selected,uci,uci320__mathematics__fail_g3_lt_10__period1__full__logistic,1e77b96a42008b27a548794a1d8b331be850bc712aef634e7263f7a7bd66262d,395,130,0.3291139240506329,0.8339207813276356,0.9127721335268505,0.11396642730723669,False
uci320,mathematics,fail_g3_lt_10,period1,no_demographic_family,histgb,c13_selected,uci,uci320__mathematics__fail_g3_lt_10__period1__no_demographic_family__histgb,1e77b96a42008b27a548794a1d8b331be850bc712aef634e7263f7a7bd66262d,395,130,0.3291139240506329,0.7953681997180941,0.9051959361393324,0.11869504228485465,False
uci320,mathematics,fail_g3_lt_10,period1,no_demographic_family,logistic,c13_selected,uci,uci320__mathematics__fail_g3_lt_10__period1__no_demographic_family__logistic,1e77b96a42008b27a548794a1d8b331be850bc712aef634e7263f7a7bd66262d,395,130,0.3291139240506329,0.8206908675826724,0.910711175616836,0.11528168285988849,False
uci320,mathematics,fail_g3_lt_10,period1,no_sensitive_wellbeing,histgb,c13_selected,uci,uci320__mathematics__fail_g3_lt_10__period1__no_sensitive_wellbeing__histgb,1e77b96a42008b27a548794a1d8b331be850bc712aef634e7263f7a7bd66262d,395,130,0.3291139240506329,0.8299220288257089,0.9119593613933237,0.11517620314503056,False
uci320,mathematics,fail_g3_lt_10,period1,no_sensitive_wellbeing,logistic,c13_selected,uci,uci320__mathematics__fail_g3_lt_10__period1__no_sensitive_wellbeing__logistic,1e77b96a42008b27a548794a1d8b331be850bc712aef634e7263f7a7bd66262d,395,130,0.3291139240506329,0.8057462848892378,0.9051088534107401,0.1183930770362797,False
uci320,mathematics,fail_g3_lt_10,period1,school_observable_only,histgb,c13_selected,uci,uci320__mathematics__fail_g3_lt_10__period1__school_observable_only__histgb,1e77b96a42008b27a548794a1d8b331be850bc712aef634e7263f7a7bd66262d,395,130,0.3291139240506329,0.8091896514086763,0.9178955007256894,0.10817168992231173,False
uci320,mathematics,fail_g3_lt_10,period1,school_observable_only,logistic,c13_selected,uci,uci320__mathematics__fail_g3_lt_10__period1__school_observable_only__logistic,1e77b96a42008b27a548794a1d8b331be850bc712aef634e7263f7a7bd66262d,395,130,0.3291139240506329,0.8165206606031438,0.9124963715529754,0.11477063891775298,False
uci320,mathematics,fail_g3_lt_10,period1,targeted_no_sex,histgb,c13_selected,uci,uci320__mathematics__fail_g3_lt_10__period1__targeted_no_sex__histgb,1e77b96a42008b27a548794a1d8b331be850bc712aef634e7263f7a7bd66262d,395,130,0.3291139240506329,0.8331106036022559,0.9110595065312046,0.11578075636700982,False
uci320,mathematics,fail_g3_lt_10,period1,targeted_no_sex,logistic,c13_selected,uci,uci320__mathematics__fail_g3_lt_10__period1__targeted_no_sex__logistic,1e77b96a42008b27a548794a1d8b331be850bc712aef634e7263f7a7bd66262d,395,130,0.3291139240506329,0.8328145057951282,0.9136429608127721,0.11340313542251258,False
uci320,mathematics,fail_g3_lt_10,period2,full,histgb,c13_selected,uci,uci320__mathematics__fail_g3_lt_10__period2__full__histgb,1e77b96a42008b27a548794a1d8b331be850bc712aef634e7263f7a7bd66262d,395,130,0.3291139240506329,0.9410399238251487,0.9712917271407837,0.06145381018709261,False
uci320,mathematics,fail_g3_lt_10,period2,full,logistic,c13_selected,uci,uci320__mathematics__fail_g3_lt_10__period2__full__logistic,1e77b96a42008b27a548794a1d8b331be850bc712aef634e7263f7a7bd66262d,395,130,0.3291139240506329,0.943444759907095,0.9695210449927432,0.06455496082649068,False
uci320,mathematics,fail_g3_lt_10,period2,no_demographic_family,histgb,c13_selected,uci,uci320__mathematics__fail_g3_lt_10__period2__no_demographic_family__histgb,1e77b96a42008b27a548794a1d8b331be850bc712aef634e7263f7a7bd66262d,395,130,0.3291139240506329,0.9321061975551848,0.9657474600870828,0.07117309469561867,False
uci320,mathematics,fail_g3_lt_10,period2,no_demographic_family,logistic,c13_selected,uci,uci320__mathematics__fail_g3_lt_10__period2__no_demographic_family__logistic,1e77b96a42008b27a548794a1d8b331be850bc712aef634e7263f7a7bd66262d,395,130,0.3291139240506329,0.9328761588376486,0.9651378809869376,0.07213649039930999,False
uci320,mathematics,fail_g3_lt_10,period2,no_sensitive_wellbeing,histgb,c13_selected,uci,uci320__mathematics__fail_g3_lt_10__period2__no_sensitive_wellbeing__histgb,1e77b96a42008b27a548794a1d8b331be850bc712aef634e7263f7a7bd66262d,395,130,0.3291139240506329,0.9326559334572839,0.9701886792452831,0.06497757150666461,False
uci320,mathematics,fail_g3_lt_10,period2,no_sensitive_wellbeing,logistic,c13_selected,uci,uci320__mathematics__fail_g3_lt_10__period2__no_sensitive_wellbeing__logistic,1e77b96a42008b27a548794a1d8b331be850bc712aef634e7263f7a7bd66262d,395,130,0.3291139240506329,0.9324702167279334,0.9639187227866474,0.07186639313506657,False
uci320,mathematics,fail_g3_lt_10,period2,school_observable_only,histgb,c13_selected,uci,uci320__mathematics__fail_g3_lt_10__period2__school_observable_only__histgb,1e77b96a42008b27a548794a1d8b331be850bc712aef634e7263f7a7bd66262d,395,130,0.3291139240506329,0.9382641066081603,0.9671407837445574,0.06849537724113328,False
uci320,mathematics,fail_g3_lt_10,period2,school_observable_only,logistic,c13_selected,uci,uci320__mathematics__fail_g3_lt_10__period2__school_observable_only__logistic,1e77b96a42008b27a548794a1d8b331be850bc712aef634e7263f7a7bd66262d,395,130,0.3291139240506329,0.9251777087407549,0.9604063860667635,0.0777050147118649,False
uci320,mathematics,fail_g3_lt_10,period2,targeted_no_sex,histgb,c13_selected,uci,uci320__mathematics__fail_g3_lt_10__period2__targeted_no_sex__histgb,1e77b96a42008b27a548794a1d8b331be850bc712aef634e7263f7a7bd66262d,395,130,0.3291139240506329,0.941506695299649,0.9710595065312047,0.061570122215657115,False
uci320,mathematics,fail_g3_lt_10,period2,targeted_no_sex,logistic,c13_selected,uci,uci320__mathematics__fail_g3_lt_10__period2__targeted_no_sex__logistic,1e77b96a42008b27a548794a1d8b331be850bc712aef634e7263f7a7bd66262d,395,130,0.3291139240506329,0.9384118742399229,0.9679245283018867,0.06636868654519744,False
uci320,portuguese,fail_g3_lt_10,baseline,full,histgb,c13_selected,uci,uci320__portuguese__fail_g3_lt_10__baseline__full__histgb,1e77b96a42008b27a548794a1d8b331be850bc712aef634e7263f7a7bd66262d,649,100,0.15408320493066255,0.4124640815191373,0.7960837887067396,0.10983448623911463,False
uci320,portuguese,fail_g3_lt_10,baseline,full,logistic,c13_selected,uci,uci320__portuguese__fail_g3_lt_10__baseline__full__logistic,1e77b96a42008b27a548794a1d8b331be850bc712aef634e7263f7a7bd66262d,649,100,0.15408320493066255,0.3883355072415384,0.777832422586521,0.11309260203684482,False
uci320,portuguese,fail_g3_lt_10,baseline,no_demographic_family,histgb,c13_selected,uci,uci320__portuguese__fail_g3_lt_10__baseline__no_demographic_family__histgb,1e77b96a42008b27a548794a1d8b331be850bc712aef634e7263f7a7bd66262d,649,100,0.15408320493066255,0.4690931418815168,0.7988888888888889,0.1054092543849954,False
uci320,portuguese,fail_g3_lt_10,baseline,no_demographic_family,logistic,c13_selected,uci,uci320__portuguese__fail_g3_lt_10__baseline__no_demographic_family__logistic,1e77b96a42008b27a548794a1d8b331be850bc712aef634e7263f7a7bd66262d,649,100,0.15408320493066255,0.42614015271727584,0.8034790528233152,0.10934183513895665,False
uci320,portuguese,fail_g3_lt_10,baseline,no_sensitive_wellbeing,histgb,c13_selected,uci,uci320__portuguese__fail_g3_lt_10__baseline__no_sensitive_wellbeing__histgb,1e77b96a42008b27a548794a1d8b331be850bc712aef634e7263f7a7bd66262d,649,100,0.15408320493066255,0.39843213250868353,0.7990346083788706,0.11098221799650816,False
uci320,portuguese,fail_g3_lt_10,baseline,no_sensitive_wellbeing,logistic,c13_selected,uci,uci320__portuguese__fail_g3_lt_10__baseline__no_sensitive_wellbeing__logistic,1e77b96a42008b27a548794a1d8b331be850bc712aef634e7263f7a7bd66262d,649,100,0.15408320493066255,0.4162975153856825,0.7963387978142076,0.11053472823587311,False
uci320,portuguese,fail_g3_lt_10,baseline,school_observable_only,histgb,c13_selected,uci,uci320__portuguese__fail_g3_lt_10__baseline__school_observable_only__histgb,1e77b96a42008b27a548794a1d8b331be850bc712aef634e7263f7a7bd66262d,649,100,0.15408320493066255,0.37484957320793066,0.7619125683060108,0.11490973050680225,False
uci320,portuguese,fail_g3_lt_10,baseline,school_observable_only,logistic,c13_selected,uci,uci320__portuguese__fail_g3_lt_10__baseline__school_observable_only__logistic,1e77b96a42008b27a548794a1d8b331be850bc712aef634e7263f7a7bd66262d,649,100,0.15408320493066255,0.4273037254156258,0.8060018214936249,0.10872428202322158,False
uci320,portuguese,fail_g3_lt_10,baseline,targeted_no_sex,histgb,c13_selected,uci,uci320__portuguese__fail_g3_lt_10__baseline__targeted_no_sex__histgb,1e77b96a42008b27a548794a1d8b331be850bc712aef634e7263f7a7bd66262d,649,100,0.15408320493066255,0.4191650692903206,0.7906921675774135,0.10929706586712071,False
uci320,portuguese,fail_g3_lt_10,baseline,targeted_no_sex,logistic,c13_selected,uci,uci320__portuguese__fail_g3_lt_10__baseline__targeted_no_sex__logistic,1e77b96a42008b27a548794a1d8b331be850bc712aef634e7263f7a7bd66262d,649,100,0.15408320493066255,0.39411700743444944,0.7835701275045538,0.112313540536659,False
uci320,portuguese,fail_g3_lt_10,period1,full,histgb,c13_selected,uci,uci320__portuguese__fail_g3_lt_10__period1__full__histgb,1e77b96a42008b27a548794a1d8b331be850bc712aef634e7263f7a7bd66262d,649,100,0.15408320493066255,0.6631949152688829,0.9299271402550091,0.07200314203900375,False
uci320,portuguese,fail_g3_lt_10,period1,full,logistic,c13_selected,uci,uci320__portuguese__fail_g3_lt_10__period1__full__logistic,1e77b96a42008b27a548794a1d8b331be850bc712aef634e7263f7a7bd66262d,649,100,0.15408320493066255,0.6375528327627579,0.918488160291439,0.07918610220115291,False
uci320,portuguese,fail_g3_lt_10,period1,no_demographic_family,histgb,c13_selected,uci,uci320__portuguese__fail_g3_lt_10__period1__no_demographic_family__histgb,1e77b96a42008b27a548794a1d8b331be850bc712aef634e7263f7a7bd66262d,649,100,0.15408320493066255,0.6675851921257407,0.9336794171220402,0.07130952081433199,False
uci320,portuguese,fail_g3_lt_10,period1,no_demographic_family,logistic,c13_selected,uci,uci320__portuguese__fail_g3_lt_10__period1__no_demographic_family__logistic,1e77b96a42008b27a548794a1d8b331be850bc712aef634e7263f7a7bd66262d,649,100,0.15408320493066255,0.6582257429637024,0.9268123861566485,0.07666694453645916,False
uci320,portuguese,fail_g3_lt_10,period1,no_sensitive_wellbeing,histgb,c13_selected,uci,uci320__portuguese__fail_g3_lt_10__period1__no_sensitive_wellbeing__histgb,1e77b96a42008b27a548794a1d8b331be850bc712aef634e7263f7a7bd66262d,649,100,0.15408320493066255,0.6625005358620831,0.9239890710382513,0.0720704583829876,False
uci320,portuguese,fail_g3_lt_10,period1,no_sensitive_wellbeing,logistic,c13_selected,uci,uci320__portuguese__fail_g3_lt_10__period1__no_sensitive_wellbeing__logistic,1e77b96a42008b27a548794a1d8b331be850bc712aef634e7263f7a7bd66262d,649,100,0.15408320493066255,0.6546958862203236,0.9252094717668488,0.07570687387652886,False
uci320,portuguese,fail_g3_lt_10,period1,school_observable_only,histgb,c13_selected,uci,uci320__portuguese__fail_g3_lt_10__period1__school_observable_only__histgb,1e77b96a42008b27a548794a1d8b331be850bc712aef634e7263f7a7bd66262d,649,100,0.15408320493066255,0.6421703419074114,0.9265573770491803,0.0739273796195801,False
uci320,portuguese,fail_g3_lt_10,period1,school_observable_only,logistic,c13_selected,uci,uci320__portuguese__fail_g3_lt_10__period1__school_observable_only__logistic,1e77b96a42008b27a548794a1d8b331be850bc712aef634e7263f7a7bd66262d,649,100,0.15408320493066255,0.6974475673175815,0.9382331511839709,0.0699247116648365,False
uci320,portuguese,fail_g3_lt_10,period1,targeted_no_sex,histgb,c13_selected,uci,uci320__portuguese__fail_g3_lt_10__period1__targeted_no_sex__histgb,1e77b96a42008b27a548794a1d8b331be850bc712aef634e7263f7a7bd66262d,649,100,0.15408320493066255,0.6482232204453774,0.931111111111111,0.07287339128237105,False
uci320,portuguese,fail_g3_lt_10,period1,targeted_no_sex,logistic,c13_selected,uci,uci320__portuguese__fail_g3_lt_10__period1__targeted_no_sex__logistic,1e77b96a42008b27a548794a1d8b331be850bc712aef634e7263f7a7bd66262d,649,100,0.15408320493066255,0.6420457017380475,0.9199089253187613,0.07860260961284998,False
uci320,portuguese,fail_g3_lt_10,period2,full,histgb,c13_selected,uci,uci320__portuguese__fail_g3_lt_10__period2__full__histgb,1e77b96a42008b27a548794a1d8b331be850bc712aef634e7263f7a7bd66262d,649,100,0.15408320493066255,0.8451159945515379,0.9587067395264117,0.05298300448980273,False
uci320,portuguese,fail_g3_lt_10,period2,full,logistic,c13_selected,uci,uci320__portuguese__fail_g3_lt_10__period2__full__logistic,1e77b96a42008b27a548794a1d8b331be850bc712aef634e7263f7a7bd66262d,649,100,0.15408320493066255,0.8157177260658248,0.95367941712204,0.056622032018600464,False
uci320,portuguese,fail_g3_lt_10,period2,no_demographic_family,histgb,c13_selected,uci,uci320__portuguese__fail_g3_lt_10__period2__no_demographic_family__histgb,1e77b96a42008b27a548794a1d8b331be850bc712aef634e7263f7a7bd66262d,649,100,0.15408320493066255,0.8397856955711076,0.9606010928961749,0.05413190615491992,False
uci320,portuguese,fail_g3_lt_10,period2,no_demographic_family,logistic,c13_selected,uci,uci320__portuguese__fail_g3_lt_10__period2__no_demographic_family__logistic,1e77b96a42008b27a548794a1d8b331be850bc712aef634e7263f7a7bd66262d,649,100,0.15408320493066255,0.824698601569305,0.9583788706739527,0.05655784638521364,False
uci320,portuguese,fail_g3_lt_10,period2,no_sensitive_wellbeing,histgb,c13_selected,uci,uci320__portuguese__fail_g3_lt_10__period2__no_sensitive_wellbeing__histgb,1e77b96a42008b27a548794a1d8b331be850bc712aef634e7263f7a7bd66262d,649,100,0.15408320493066255,0.8628593961252289,0.9560837887067395,0.05122107486040759,False
uci320,portuguese,fail_g3_lt_10,period2,no_sensitive_wellbeing,logistic,c13_selected,uci,uci320__portuguese__fail_g3_lt_10__period2__no_sensitive_wellbeing__logistic,1e77b96a42008b27a548794a1d8b331be850bc712aef634e7263f7a7bd66262d,649,100,0.15408320493066255,0.825812442817295,0.9563023679417122,0.054926756066748,False
uci320,portuguese,fail_g3_lt_10,period2,school_observable_only,histgb,c13_selected,uci,uci320__portuguese__fail_g3_lt_10__period2__school_observable_only__histgb,1e77b96a42008b27a548794a1d8b331be850bc712aef634e7263f7a7bd66262d,649,100,0.15408320493066255,0.8479301775516449,0.9557559198542805,0.050737396155298216,False
uci320,portuguese,fail_g3_lt_10,period2,school_observable_only,logistic,c13_selected,uci,uci320__portuguese__fail_g3_lt_10__period2__school_observable_only__logistic,1e77b96a42008b27a548794a1d8b331be850bc712aef634e7263f7a7bd66262d,649,100,0.15408320493066255,0.8448023980714052,0.9642805100182149,0.0506195763878304,False
uci320,portuguese,fail_g3_lt_10,period2,targeted_no_sex,histgb,c13_selected,uci,uci320__portuguese__fail_g3_lt_10__period2__targeted_no_sex__histgb,1e77b96a42008b27a548794a1d8b331be850bc712aef634e7263f7a7bd66262d,649,100,0.15408320493066255,0.8502375040724366,0.9573224043715847,0.05089905762061866,False
uci320,portuguese,fail_g3_lt_10,period2,targeted_no_sex,logistic,c13_selected,uci,uci320__portuguese__fail_g3_lt_10__period2__targeted_no_sex__logistic,1e77b96a42008b27a548794a1d8b331be850bc712aef634e7263f7a7bd66262d,649,100,0.15408320493066255,0.8154089041251386,0.9537158469945356,0.05668099449993387,False
uci697,all,dropout_vs_all_other,enrollment,full,histgb,c13_selected,uci,uci697__all__dropout_vs_all_other__enrollment__full__histgb,1e77b96a42008b27a548794a1d8b331be850bc712aef634e7263f7a7bd66262d,4424,1421,0.3212025316455696,0.7394280107011624,0.8209901756699786,0.14806697719880843,False
uci697,all,dropout_vs_all_other,enrollment,full,logistic,c13_selected,uci,uci697__all__dropout_vs_all_other__enrollment__full__logistic,1e77b96a42008b27a548794a1d8b331be850bc712aef634e7263f7a7bd66262d,4424,1421,0.3212025316455696,0.7378210834856201,0.8244242269576542,0.14792089949154633,False
uci697,all,dropout_vs_all_other,enrollment,legacy_operational,histgb,c13_selected,uci,uci697__all__dropout_vs_all_other__enrollment__legacy_operational__histgb,1e77b96a42008b27a548794a1d8b331be850bc712aef634e7263f7a7bd66262d,4424,1421,0.3212025316455696,0.5131501991994429,0.6957637717665868,0.19553533459432243,False
uci697,all,dropout_vs_all_other,enrollment,legacy_operational,logistic,c13_selected,uci,uci697__all__dropout_vs_all_other__enrollment__legacy_operational__logistic,1e77b96a42008b27a548794a1d8b331be850bc712aef634e7263f7a7bd66262d,4424,1421,0.3212025316455696,0.5120038968431183,0.6891418457217191,0.19657627804530495,False
uci697,all,dropout_vs_all_other,enrollment,no_direct_personal,histgb,c13_selected,uci,uci697__all__dropout_vs_all_other__enrollment__no_direct_personal__histgb,1e77b96a42008b27a548794a1d8b331be850bc712aef634e7263f7a7bd66262d,4424,1421,0.3212025316455696,0.734273490970978,0.8141694102285234,0.15032439220586494,False
uci697,all,dropout_vs_all_other,enrollment,no_direct_personal,logistic,c13_selected,uci,uci697__all__dropout_vs_all_other__enrollment__no_direct_personal__logistic,1e77b96a42008b27a548794a1d8b331be850bc712aef634e7263f7a7bd66262d,4424,1421,0.3212025316455696,0.7311014153815236,0.8191578536406123,0.14968166908819971,False
uci697,all,dropout_vs_all_other,enrollment,no_family_financial,histgb,c13_selected,uci,uci697__all__dropout_vs_all_other__enrollment__no_family_financial__histgb,1e77b96a42008b27a548794a1d8b331be850bc712aef634e7263f7a7bd66262d,4424,1421,0.3212025316455696,0.5785946878024597,0.7463850950831951,0.1817531461867949,False
uci697,all,dropout_vs_all_other,enrollment,no_family_financial,logistic,c13_selected,uci,uci697__all__dropout_vs_all_other__enrollment__no_family_financial__logistic,1e77b96a42008b27a548794a1d8b331be850bc712aef634e7263f7a7bd66262d,4424,1421,0.3212025316455696,0.5713415772374966,0.736357707504787,0.184550035545611,False
uci697,all,dropout_vs_all_other,enrollment,targeted_gender_special_needs,histgb,c13_selected,uci,uci697__all__dropout_vs_all_other__enrollment__targeted_gender_special_needs__histgb,1e77b96a42008b27a548794a1d8b331be850bc712aef634e7263f7a7bd66262d,4424,1421,0.3212025316455696,0.7354516469611222,0.8168242735448928,0.14923450085032214,False
uci697,all,dropout_vs_all_other,enrollment,targeted_gender_special_needs,logistic,c13_selected,uci,uci697__all__dropout_vs_all_other__enrollment__targeted_gender_special_needs__logistic,1e77b96a42008b27a548794a1d8b331be850bc712aef634e7263f7a7bd66262d,4424,1421,0.3212025316455696,0.7324716047328996,0.8196572369689892,0.14940582580857617,False
uci697,all,dropout_vs_all_other,semester1,full,histgb,c13_selected,uci,uci697__all__dropout_vs_all_other__semester1__full__histgb,1e77b96a42008b27a548794a1d8b331be850bc712aef634e7263f7a7bd66262d,4424,1421,0.3212025316455696,0.8565069008975503,0.9011122586069806,0.10475357679955512,False
uci697,all,dropout_vs_all_other,semester1,full,logistic,c13_selected,uci,uci697__all__dropout_vs_all_other__semester1__full__logistic,1e77b96a42008b27a548794a1d8b331be850bc712aef634e7263f7a7bd66262d,4424,1421,0.3212025316455696,0.8607340340458774,0.9057651239213519,0.10278312640779293,False
uci697,all,dropout_vs_all_other,semester1,legacy_operational,histgb,c13_selected,uci,uci697__all__dropout_vs_all_other__semester1__legacy_operational__histgb,1e77b96a42008b27a548794a1d8b331be850bc712aef634e7263f7a7bd66262d,4424,1421,0.3212025316455696,0.8006816533280796,0.86637805075525,0.12651456834471564,False
uci697,all,dropout_vs_all_other,semester1,legacy_operational,logistic,c13_selected,uci,uci697__all__dropout_vs_all_other__semester1__legacy_operational__logistic,1e77b96a42008b27a548794a1d8b331be850bc712aef634e7263f7a7bd66262d,4424,1421,0.3212025316455696,0.7983524393284409,0.870323905510394,0.1257356221551782,False
uci697,all,dropout_vs_all_other,semester1,no_direct_personal,histgb,c13_selected,uci,uci697__all__dropout_vs_all_other__semester1__no_direct_personal__histgb,1e77b96a42008b27a548794a1d8b331be850bc712aef634e7263f7a7bd66262d,4424,1421,0.3212025316455696,0.8541383887539175,0.8980184722619627,0.10587933194404538,False
uci697,all,dropout_vs_all_other,semester1,no_direct_personal,logistic,c13_selected,uci,uci697__all__dropout_vs_all_other__semester1__no_direct_personal__logistic,1e77b96a42008b27a548794a1d8b331be850bc712aef634e7263f7a7bd66262d,4424,1421,0.3212025316455696,0.8582495392189773,0.9031058081022894,0.10420338683841082,False
uci697,all,dropout_vs_all_other,semester1,no_family_financial,histgb,c13_selected,uci,uci697__all__dropout_vs_all_other__semester1__no_family_financial__histgb,1e77b96a42008b27a548794a1d8b331be850bc712aef634e7263f7a7bd66262d,4424,1421,0.3212025316455696,0.8096140408136987,0.8729712698748588,0.12230383378276509,False
uci697,all,dropout_vs_all_other,semester1,no_family_financial,logistic,c13_selected,uci,uci697__all__dropout_vs_all_other__semester1__no_family_financial__logistic,1e77b96a42008b27a548794a1d8b331be850bc712aef634e7263f7a7bd66262d,4424,1421,0.3212025316455696,0.8100265497154705,0.8762110514397635,0.12228811794230299,False
uci697,all,dropout_vs_all_other,semester1,targeted_gender_special_needs,histgb,c13_selected,uci,uci697__all__dropout_vs_all_other__semester1__targeted_gender_special_needs__histgb,1e77b96a42008b27a548794a1d8b331be850bc712aef634e7263f7a7bd66262d,4424,1421,0.3212025316455696,0.8540448481163666,0.8995266989637152,0.10613080952426873,False
uci697,all,dropout_vs_all_other,semester1,targeted_gender_special_needs,logistic,c13_selected,uci,uci697__all__dropout_vs_all_other__semester1__targeted_gender_special_needs__logistic,1e77b96a42008b27a548794a1d8b331be850bc712aef634e7263f7a7bd66262d,4424,1421,0.3212025316455696,0.8588971921859578,0.9038721072500101,0.1037390562118883,False
uci697,all,dropout_vs_graduate,enrollment,full,histgb,c13_selected,uci,uci697__all__dropout_vs_graduate__enrollment__full__histgb,1e77b96a42008b27a548794a1d8b331be850bc712aef634e7263f7a7bd66262d,3630,1421,0.39146005509641874,0.816398318852533,0.8508293593892811,0.14792173414384444,False
uci697,all,dropout_vs_graduate,enrollment,full,logistic,c13_selected,uci,uci697__all__dropout_vs_graduate__enrollment__full__logistic,1e77b96a42008b27a548794a1d8b331be850bc712aef634e7263f7a7bd66262d,3630,1421,0.39146005509641874,0.8183878804333855,0.8513170960458925,0.14714972814621835,False
uci697,all,dropout_vs_graduate,enrollment,legacy_operational,histgb,c13_selected,uci,uci697__all__dropout_vs_graduate__enrollment__legacy_operational__histgb,1e77b96a42008b27a548794a1d8b331be850bc712aef634e7263f7a7bd66262d,3630,1421,0.39146005509641874,0.6271108172276085,0.7263235073458365,0.20215668147892008,False
uci697,all,dropout_vs_graduate,enrollment,legacy_operational,logistic,c13_selected,uci,uci697__all__dropout_vs_graduate__enrollment__legacy_operational__logistic,1e77b96a42008b27a548794a1d8b331be850bc712aef634e7263f7a7bd66262d,3630,1421,0.39146005509641874,0.6264976842218054,0.724449337031764,0.20317012638295665,False
uci697,all,dropout_vs_graduate,enrollment,loo__age_at_enrollment,histgb,c13_selected,uci,uci697__all__dropout_vs_graduate__enrollment__loo__age_at_enrollment__histgb,1e77b96a42008b27a548794a1d8b331be850bc712aef634e7263f7a7bd66262d,3630,1421,0.39146005509641874,0.8146789211092047,0.849058884882999,0.1487172067974852,True
uci697,all,dropout_vs_graduate,enrollment,loo__displaced,histgb,c13_selected,uci,uci697__all__dropout_vs_graduate__enrollment__loo__displaced__histgb,1e77b96a42008b27a548794a1d8b331be850bc712aef634e7263f7a7bd66262d,3630,1421,0.39146005509641874,0.8147642629243177,0.8495654174003158,0.14881370634769564,True
uci697,all,dropout_vs_graduate,enrollment,loo__educational_special_needs,histgb,c13_selected,uci,uci697__all__dropout_vs_graduate__enrollment__loo__educational_special_needs__histgb,1e77b96a42008b27a548794a1d8b331be850bc712aef634e7263f7a7bd66262d,3630,1421,0.39146005509641874,0.8161941769480533,0.8507051155642789,0.1479872188868196,True
uci697,all,dropout_vs_graduate,enrollment,loo__gender,histgb,c13_selected,uci,uci697__all__dropout_vs_graduate__enrollment__loo__gender__histgb,1e77b96a42008b27a548794a1d8b331be850bc712aef634e7263f7a7bd66262d,3630,1421,0.39146005509641874,0.8128099062389651,0.8452648288987314,0.14963695209510813,True
uci697,all,dropout_vs_graduate,enrollment,loo__international,histgb,c13_selected,uci,uci697__all__dropout_vs_graduate__enrollment__loo__international__histgb,1e77b96a42008b27a548794a1d8b331be850bc712aef634e7263f7a7bd66262d,3630,1421,0.39146005509641874,0.816398318852533,0.8508293593892811,0.14792173414384444,True
uci697,all,dropout_vs_graduate,enrollment,loo__marital_status,histgb,c13_selected,uci,uci697__all__dropout_vs_graduate__enrollment__loo__marital_status__histgb,1e77b96a42008b27a548794a1d8b331be850bc712aef634e7263f7a7bd66262d,3630,1421,0.39146005509641874,0.8136790674387901,0.8486515881387289,0.14924045312667522,True
uci697,all,dropout_vs_graduate,enrollment,loo__nacionality,histgb,c13_selected,uci,uci697__all__dropout_vs_graduate__enrollment__loo__nacionality__histgb,1e77b96a42008b27a548794a1d8b331be850bc712aef634e7263f7a7bd66262d,3630,1421,0.39146005509641874,0.816398318852533,0.8508293593892811,0.14792173414384444,True
uci697,all,dropout_vs_graduate,enrollment,no_direct_personal,histgb,c13_selected,uci,uci697__all__dropout_vs_graduate__enrollment__no_direct_personal__histgb,1e77b96a42008b27a548794a1d8b331be850bc712aef634e7263f7a7bd66262d,3630,1421,0.39146005509641874,0.8073412632387762,0.8400378274661046,0.15171185694989786,False
uci697,all,dropout_vs_graduate,enrollment,no_direct_personal,logistic,c13_selected,uci,uci697__all__dropout_vs_graduate__enrollment__no_direct_personal__logistic,1e77b96a42008b27a548794a1d8b331be850bc712aef634e7263f7a7bd66262d,3630,1421,0.39146005509641874,0.8127572209097698,0.8458653407195755,0.1493940681705156,False
uci697,all,dropout_vs_graduate,enrollment,no_family_financial,histgb,c13_selected,uci,uci697__all__dropout_vs_graduate__enrollment__no_family_financial__histgb,1e77b96a42008b27a548794a1d8b331be850bc712aef634e7263f7a7bd66262d,3630,1421,0.39146005509641874,0.6874957529988387,0.7761591391368368,0.18492014777698845,False
uci697,all,dropout_vs_graduate,enrollment,no_family_financial,logistic,c13_selected,uci,uci697__all__dropout_vs_graduate__enrollment__no_family_financial__logistic,1e77b96a42008b27a548794a1d8b331be850bc712aef634e7263f7a7bd66262d,3630,1421,0.39146005509641874,0.6759017239680783,0.7685122502818582,0.18815677783561588,False
uci697,all,dropout_vs_graduate,enrollment,targeted_gender_special_needs,histgb,c13_selected,uci,uci697__all__dropout_vs_graduate__enrollment__targeted_gender_special_needs__histgb,1e77b96a42008b27a548794a1d8b331be850bc712aef634e7263f7a7bd66262d,3630,1421,0.39146005509641874,0.8126974433121115,0.8449344677537896,0.14973244543641714,False
uci697,all,dropout_vs_graduate,enrollment,targeted_gender_special_needs,logistic,c13_selected,uci,uci697__all__dropout_vs_graduate__enrollment__targeted_gender_special_needs__logistic,1e77b96a42008b27a548794a1d8b331be850bc712aef634e7263f7a7bd66262d,3630,1421,0.39146005509641874,0.8133689726009092,0.8464910198793306,0.14933056497110614,False
uci697,all,dropout_vs_graduate,semester1,full,histgb,c13_selected,uci,uci697__all__dropout_vs_graduate__semester1__full__histgb,1e77b96a42008b27a548794a1d8b331be850bc712aef634e7263f7a7bd66262d,3630,1421,0.39146005509641874,0.9308581323594359,0.9355276491889586,0.0827051171996551,False
uci697,all,dropout_vs_graduate,semester1,full,logistic,c13_selected,uci,uci697__all__dropout_vs_graduate__semester1__full__logistic,1e77b96a42008b27a548794a1d8b331be850bc712aef634e7263f7a7bd66262d,3630,1421,0.39146005509641874,0.929180921495094,0.9360854721058277,0.08469185161430133,False
uci697,all,dropout_vs_graduate,semester1,legacy_operational,histgb,c13_selected,uci,uci697__all__dropout_vs_graduate__semester1__legacy_operational__histgb,1e77b96a42008b27a548794a1d8b331be850bc712aef634e7263f7a7bd66262d,3630,1421,0.39146005509641874,0.9015509658134719,0.9150001799942594,0.09941013545327419,False
uci697,all,dropout_vs_graduate,semester1,legacy_operational,logistic,c13_selected,uci,uci697__all__dropout_vs_graduate__semester1__legacy_operational__logistic,1e77b96a42008b27a548794a1d8b331be850bc712aef634e7263f7a7bd66262d,3630,1421,0.39146005509641874,0.9047017705582423,0.9176419541451085,0.10142131691745696,False
uci697,all,dropout_vs_graduate,semester1,loo__age_at_enrollment,histgb,c13_selected,uci,uci697__all__dropout_vs_graduate__semester1__loo__age_at_enrollment__histgb,1e77b96a42008b27a548794a1d8b331be850bc712aef634e7263f7a7bd66262d,3630,1421,0.39146005509641874,0.9302836941985358,0.935580532458062,0.0829118938206779,True
uci697,all,dropout_vs_graduate,semester1,loo__displaced,histgb,c13_selected,uci,uci697__all__dropout_vs_graduate__semester1__loo__displaced__histgb,1e77b96a42008b27a548794a1d8b331be850bc712aef634e7263f7a7bd66262d,3630,1421,0.39146005509641874,0.9300138796992576,0.9343632615469504,0.08313076976777012,True
uci697,all,dropout_vs_graduate,semester1,loo__educational_special_needs,histgb,c13_selected,uci,uci697__all__dropout_vs_graduate__semester1__loo__educational_special_needs__histgb,1e77b96a42008b27a548794a1d8b331be850bc712aef634e7263f7a7bd66262d,3630,1421,0.39146005509641874,0.9308581323594359,0.9355276491889586,0.0827051171996551,True
uci697,all,dropout_vs_graduate,semester1,loo__gender,histgb,c13_selected,uci,uci697__all__dropout_vs_graduate__semester1__loo__gender__histgb,1e77b96a42008b27a548794a1d8b331be850bc712aef634e7263f7a7bd66262d,3630,1421,0.39146005509641874,0.9301658513622074,0.9341635157052159,0.08406356423962724,True
uci697,all,dropout_vs_graduate,semester1,loo__international,histgb,c13_selected,uci,uci697__all__dropout_vs_graduate__semester1__loo__international__histgb,1e77b96a42008b27a548794a1d8b331be850bc712aef634e7263f7a7bd66262d,3630,1421,0.39146005509641874,0.9308581323594359,0.9355276491889586,0.0827051171996551,True
uci697,all,dropout_vs_graduate,semester1,loo__marital_status,histgb,c13_selected,uci,uci697__all__dropout_vs_graduate__semester1__loo__marital_status__histgb,1e77b96a42008b27a548794a1d8b331be850bc712aef634e7263f7a7bd66262d,3630,1421,0.39146005509641874,0.9303887550021906,0.9349688705503588,0.08319795869866749,True
uci697,all,dropout_vs_graduate,semester1,loo__nacionality,histgb,c13_selected,uci,uci697__all__dropout_vs_graduate__semester1__loo__nacionality__histgb,1e77b96a42008b27a548794a1d8b331be850bc712aef634e7263f7a7bd66262d,3630,1421,0.39146005509641874,0.9308581323594359,0.9355276491889586,0.0827051171996551,True
uci697,all,dropout_vs_graduate,semester1,no_direct_personal,histgb,c13_selected,uci,uci697__all__dropout_vs_graduate__semester1__no_direct_personal__histgb,1e77b96a42008b27a548794a1d8b331be850bc712aef634e7263f7a7bd66262d,3630,1421,0.39146005509641874,0.9289075537646162,0.9349535790026662,0.08432783811539382,False
uci697,all,dropout_vs_graduate,semester1,no_direct_personal,logistic,c13_selected,uci,uci697__all__dropout_vs_graduate__semester1__no_direct_personal__logistic,1e77b96a42008b27a548794a1d8b331be850bc712aef634e7263f7a7bd66262d,3630,1421,0.39146005509641874,0.9283387546058897,0.9347461873870856,0.0858035266576589,False
uci697,all,dropout_vs_graduate,semester1,no_family_financial,histgb,c13_selected,uci,uci697__all__dropout_vs_graduate__semester1__no_family_financial__histgb,1e77b96a42008b27a548794a1d8b331be850bc712aef634e7263f7a7bd66262d,3630,1421,0.39146005509641874,0.9085675970709914,0.9200758588195117,0.0959057242764449,False
uci697,all,dropout_vs_graduate,semester1,no_family_financial,logistic,c13_selected,uci,uci697__all__dropout_vs_graduate__semester1__no_family_financial__logistic,1e77b96a42008b27a548794a1d8b331be850bc712aef634e7263f7a7bd66262d,3630,1421,0.39146005509641874,0.9046762104140252,0.918836924882502,0.10000457209701137,False
uci697,all,dropout_vs_graduate,semester1,targeted_gender_special_needs,histgb,c13_selected,uci,uci697__all__dropout_vs_graduate__semester1__targeted_gender_special_needs__histgb,1e77b96a42008b27a548794a1d8b331be850bc712aef634e7263f7a7bd66262d,3630,1421,0.39146005509641874,0.9301574997004104,0.9341874087484855,0.0840552650380791,False
uci697,all,dropout_vs_graduate,semester1,targeted_gender_special_needs,logistic,c13_selected,uci,uci697__all__dropout_vs_graduate__semester1__targeted_gender_special_needs__logistic,1e77b96a42008b27a548794a1d8b331be850bc712aef634e7263f7a7bd66262d,3630,1421,0.39146005509641874,0.9284315670795192,0.9350886543406173,0.08565593494491713,False
