analysis_source,dataset,subject,outcome,stage,model,grid,contrast_name,contrast_id,family_id,tier,replicates,family_stage_count,task_id,resampling_stream,draw_file,draw_prefix,draw_file_sha256,bootstrap_unit,bootstrap_units,observations,first_multiplicity_sha256
C14B_frozen,oulad,all,future_fail_or_withdrawn,day14,histgb,standard,loo_no_age_band,c14b__day14__loo_no_age_band__standard__minus__day14__full__standard,c14b|oulad|all|future_fail_or_withdrawn|histgb|standard|loo_no_age_band,sensitivity,2000,2,c14b|oulad|all|future_fail_or_withdrawn|day14|histgb|standard,oulad|all|future_fail_or_withdrawn|day14,draws/task_fe5191e9abe25d522749.npz,c000,5e88a53e97cc9c8d55e524d1ed31996cb5738b06da18cc06b4108395098bcee3,id_student_cluster,8967,9331,9ed36e4484009b09fc06c3a2131ea354d96df0d2aa0455859f1f41dfbd71898f
C14B_frozen,oulad,all,future_fail_or_withdrawn,day42,histgb,standard,loo_no_age_band,c14b__day42__loo_no_age_band__standard__minus__day42__full__standard,c14b|oulad|all|future_fail_or_withdrawn|histgb|standard|loo_no_age_band,sensitivity,2000,2,c14b|oulad|all|future_fail_or_withdrawn|day42|histgb|standard,oulad|all|future_fail_or_withdrawn|day42,draws/task_b708eb63559e33ef5cce.npz,c000,bc487fc85428d59da2c0989755fdbe7a82888414e22255b5f74d98e661adecb4,id_student_cluster,8714,9040,94e113680d24da3b4ce4bee1f1c80a377886697b78470d5646f458dbafc8d538
C14B_frozen,oulad,all,future_fail_or_withdrawn,day14,histgb,standard,loo_no_disability,c14b__day14__loo_no_disability__standard__minus__day14__full__standard,c14b|oulad|all|future_fail_or_withdrawn|histgb|standard|loo_no_disability,sensitivity,2000,2,c14b|oulad|all|future_fail_or_withdrawn|day14|histgb|standard,oulad|all|future_fail_or_withdrawn|day14,draws/task_fe5191e9abe25d522749.npz,c001,5e88a53e97cc9c8d55e524d1ed31996cb5738b06da18cc06b4108395098bcee3,id_student_cluster,8967,9331,9ed36e4484009b09fc06c3a2131ea354d96df0d2aa0455859f1f41dfbd71898f
C14B_frozen,oulad,all,future_fail_or_withdrawn,day42,histgb,standard,loo_no_disability,c14b__day42__loo_no_disability__standard__minus__day42__full__standard,c14b|oulad|all|future_fail_or_withdrawn|histgb|standard|loo_no_disability,sensitivity,2000,2,c14b|oulad|all|future_fail_or_withdrawn|day42|histgb|standard,oulad|all|future_fail_or_withdrawn|day42,draws/task_b708eb63559e33ef5cce.npz,c001,bc487fc85428d59da2c0989755fdbe7a82888414e22255b5f74d98e661adecb4,id_student_cluster,8714,9040,94e113680d24da3b4ce4bee1f1c80a377886697b78470d5646f458dbafc8d538
C14B_frozen,oulad,all,future_fail_or_withdrawn,day14,histgb,standard,loo_no_gender,c14b__day14__loo_no_gender__standard__minus__day14__full__standard,c14b|oulad|all|future_fail_or_withdrawn|histgb|standard|loo_no_gender,sensitivity,2000,2,c14b|oulad|all|future_fail_or_withdrawn|day14|histgb|standard,oulad|all|future_fail_or_withdrawn|day14,draws/task_fe5191e9abe25d522749.npz,c002,5e88a53e97cc9c8d55e524d1ed31996cb5738b06da18cc06b4108395098bcee3,id_student_cluster,8967,9331,9ed36e4484009b09fc06c3a2131ea354d96df0d2aa0455859f1f41dfbd71898f
C14B_frozen,oulad,all,future_fail_or_withdrawn,day42,histgb,standard,loo_no_gender,c14b__day42__loo_no_gender__standard__minus__day42__full__standard,c14b|oulad|all|future_fail_or_withdrawn|histgb|standard|loo_no_gender,sensitivity,2000,2,c14b|oulad|all|future_fail_or_withdrawn|day42|histgb|standard,oulad|all|future_fail_or_withdrawn|day42,draws/task_b708eb63559e33ef5cce.npz,c002,bc487fc85428d59da2c0989755fdbe7a82888414e22255b5f74d98e661adecb4,id_student_cluster,8714,9040,94e113680d24da3b4ce4bee1f1c80a377886697b78470d5646f458dbafc8d538
C14B_frozen,oulad,all,future_fail_or_withdrawn,day14,histgb,standard,loo_no_highest_education,c14b__day14__loo_no_highest_education__standard__minus__day14__full__standard,c14b|oulad|all|future_fail_or_withdrawn|histgb|standard|loo_no_highest_education,sensitivity,2000,2,c14b|oulad|all|future_fail_or_withdrawn|day14|histgb|standard,oulad|all|future_fail_or_withdrawn|day14,draws/task_fe5191e9abe25d522749.npz,c003,5e88a53e97cc9c8d55e524d1ed31996cb5738b06da18cc06b4108395098bcee3,id_student_cluster,8967,9331,9ed36e4484009b09fc06c3a2131ea354d96df0d2aa0455859f1f41dfbd71898f
C14B_frozen,oulad,all,future_fail_or_withdrawn,day42,histgb,standard,loo_no_highest_education,c14b__day42__loo_no_highest_education__standard__minus__day42__full__standard,c14b|oulad|all|future_fail_or_withdrawn|histgb|standard|loo_no_highest_education,sensitivity,2000,2,c14b|oulad|all|future_fail_or_withdrawn|day42|histgb|standard,oulad|all|future_fail_or_withdrawn|day42,draws/task_b708eb63559e33ef5cce.npz,c003,bc487fc85428d59da2c0989755fdbe7a82888414e22255b5f74d98e661adecb4,id_student_cluster,8714,9040,94e113680d24da3b4ce4bee1f1c80a377886697b78470d5646f458dbafc8d538
C14B_frozen,oulad,all,future_fail_or_withdrawn,day14,histgb,standard,loo_no_imd_band,c14b__day14__loo_no_imd_band__standard__minus__day14__full__standard,c14b|oulad|all|future_fail_or_withdrawn|histgb|standard|loo_no_imd_band,sensitivity,2000,2,c14b|oulad|all|future_fail_or_withdrawn|day14|histgb|standard,oulad|all|future_fail_or_withdrawn|day14,draws/task_fe5191e9abe25d522749.npz,c004,5e88a53e97cc9c8d55e524d1ed31996cb5738b06da18cc06b4108395098bcee3,id_student_cluster,8967,9331,9ed36e4484009b09fc06c3a2131ea354d96df0d2aa0455859f1f41dfbd71898f
C14B_frozen,oulad,all,future_fail_or_withdrawn,day42,histgb,standard,loo_no_imd_band,c14b__day42__loo_no_imd_band__standard__minus__day42__full__standard,c14b|oulad|all|future_fail_or_withdrawn|histgb|standard|loo_no_imd_band,sensitivity,2000,2,c14b|oulad|all|future_fail_or_withdrawn|day42|histgb|standard,oulad|all|future_fail_or_withdrawn|day42,draws/task_b708eb63559e33ef5cce.npz,c004,bc487fc85428d59da2c0989755fdbe7a82888414e22255b5f74d98e661adecb4,id_student_cluster,8714,9040,94e113680d24da3b4ce4bee1f1c80a377886697b78470d5646f458dbafc8d538
C14B_frozen,oulad,all,future_fail_or_withdrawn,day14,histgb,standard,loo_no_region,c14b__day14__loo_no_region__standard__minus__day14__full__standard,c14b|oulad|all|future_fail_or_withdrawn|histgb|standard|loo_no_region,sensitivity,2000,2,c14b|oulad|all|future_fail_or_withdrawn|day14|histgb|standard,oulad|all|future_fail_or_withdrawn|day14,draws/task_fe5191e9abe25d522749.npz,c005,5e88a53e97cc9c8d55e524d1ed31996cb5738b06da18cc06b4108395098bcee3,id_student_cluster,8967,9331,9ed36e4484009b09fc06c3a2131ea354d96df0d2aa0455859f1f41dfbd71898f
C14B_frozen,oulad,all,future_fail_or_withdrawn,day42,histgb,standard,loo_no_region,c14b__day42__loo_no_region__standard__minus__day42__full__standard,c14b|oulad|all|future_fail_or_withdrawn|histgb|standard|loo_no_region,sensitivity,2000,2,c14b|oulad|all|future_fail_or_withdrawn|day42|histgb|standard,oulad|all|future_fail_or_withdrawn|day42,draws/task_b708eb63559e33ef5cce.npz,c005,bc487fc85428d59da2c0989755fdbe7a82888414e22255b5f74d98e661adecb4,id_student_cluster,8714,9040,94e113680d24da3b4ce4bee1f1c80a377886697b78470d5646f458dbafc8d538
C14B_frozen,oulad,all,future_fail_or_withdrawn,day14,histgb,standard,minimized,c14b__day14__minimized__standard__minus__day14__full__standard,c14b|oulad|all|future_fail_or_withdrawn|histgb|standard|minimized,primary,5000,6,c14b|oulad|all|future_fail_or_withdrawn|day14|histgb|standard,oulad|all|future_fail_or_withdrawn|day14,draws/task_fe5191e9abe25d522749.npz,c006,5e88a53e97cc9c8d55e524d1ed31996cb5738b06da18cc06b4108395098bcee3,id_student_cluster,8967,9331,9ed36e4484009b09fc06c3a2131ea354d96df0d2aa0455859f1f41dfbd71898f
C14B_frozen,oulad,all,future_fail_or_withdrawn,day28,histgb,standard,minimized,c14b__day28__minimized__standard__minus__day28__full__standard,c14b|oulad|all|future_fail_or_withdrawn|histgb|standard|minimized,primary,5000,6,c14b|oulad|all|future_fail_or_withdrawn|day28|histgb|standard,oulad|all|future_fail_or_withdrawn|day28,draws/task_8f9ad1b8218c3f11a643.npz,c000,c403f0e03792eee2269af56f6322d2c745d5c72e6c403467ffcb336ee172adbd,id_student_cluster,8862,9211,2afa87d431622629cf05a0fbed1191141e600bb4853840d32c3f20ec27ff6044
C14B_frozen,oulad,all,future_fail_or_withdrawn,day42,histgb,standard,minimized,c14b__day42__minimized__standard__minus__day42__full__standard,c14b|oulad|all|future_fail_or_withdrawn|histgb|standard|minimized,primary,5000,6,c14b|oulad|all|future_fail_or_withdrawn|day42|histgb|standard,oulad|all|future_fail_or_withdrawn|day42,draws/task_b708eb63559e33ef5cce.npz,c006,bc487fc85428d59da2c0989755fdbe7a82888414e22255b5f74d98e661adecb4,id_student_cluster,8714,9040,94e113680d24da3b4ce4bee1f1c80a377886697b78470d5646f458dbafc8d538
C14B_frozen,oulad,all,future_fail_or_withdrawn,day56,histgb,standard,minimized,c14b__day56__minimized__standard__minus__day56__full__standard,c14b|oulad|all|future_fail_or_withdrawn|histgb|standard|minimized,primary,5000,6,c14b|oulad|all|future_fail_or_withdrawn|day56|histgb|standard,oulad|all|future_fail_or_withdrawn|day56,draws/task_e242be323d1e7971511e.npz,c000,76149885b639cfe9f09ea59b0c8f306ebaaf07bf9441bfe57b63595a35df0b68,id_student_cluster,8560,8877,e1be43ac557511a4e80e9dbcff91c618d2a28d5819767d702d298f231babca41
C14B_frozen,oulad,all,future_fail_or_withdrawn,day70,histgb,standard,minimized,c14b__day70__minimized__standard__minus__day70__full__standard,c14b|oulad|all|future_fail_or_withdrawn|histgb|standard|minimized,primary,5000,6,c14b|oulad|all|future_fail_or_withdrawn|day70|histgb|standard,oulad|all|future_fail_or_withdrawn|day70,draws/task_b8d7ef2aa7b4cb076770.npz,c000,29c51f77c5abeda85e4080752eb62987c540cc11d5acd4b416780f2c852fd5a3,id_student_cluster,8392,8694,1fbc6131b8a3a0c2bddee5100f4f726a06d5b10fad94e1974091d6ebc6ed9db6
C14B_frozen,oulad,all,future_fail_or_withdrawn,day90,histgb,standard,minimized,c14b__day90__minimized__standard__minus__day90__full__standard,c14b|oulad|all|future_fail_or_withdrawn|histgb|standard|minimized,primary,5000,6,c14b|oulad|all|future_fail_or_withdrawn|day90|histgb|standard,oulad|all|future_fail_or_withdrawn|day90,draws/task_1152ad78c73405c9b109.npz,c000,33e1a85531ba9359a81f53b1f12cccf2ef35f745cc5862313a3763e25bc7c719,id_student_cluster,8241,8532,b481dd390fcf39f3a0f565e886f5668764325d2ff1eed1303cd88453381904b6
C14B_frozen,oulad,all,future_fail_or_withdrawn,day14,histgb,standard,partial_gender_disability,c14b__day14__partial_gender_disability__standard__minus__day14__full__standard,c14b|oulad|all|future_fail_or_withdrawn|histgb|standard|partial_gender_disability,primary,5000,6,c14b|oulad|all|future_fail_or_withdrawn|day14|histgb|standard,oulad|all|future_fail_or_withdrawn|day14,draws/task_fe5191e9abe25d522749.npz,c007,5e88a53e97cc9c8d55e524d1ed31996cb5738b06da18cc06b4108395098bcee3,id_student_cluster,8967,9331,9ed36e4484009b09fc06c3a2131ea354d96df0d2aa0455859f1f41dfbd71898f
C14B_frozen,oulad,all,future_fail_or_withdrawn,day28,histgb,standard,partial_gender_disability,c14b__day28__partial_gender_disability__standard__minus__day28__full__standard,c14b|oulad|all|future_fail_or_withdrawn|histgb|standard|partial_gender_disability,primary,5000,6,c14b|oulad|all|future_fail_or_withdrawn|day28|histgb|standard,oulad|all|future_fail_or_withdrawn|day28,draws/task_8f9ad1b8218c3f11a643.npz,c001,c403f0e03792eee2269af56f6322d2c745d5c72e6c403467ffcb336ee172adbd,id_student_cluster,8862,9211,2afa87d431622629cf05a0fbed1191141e600bb4853840d32c3f20ec27ff6044
C14B_frozen,oulad,all,future_fail_or_withdrawn,day42,histgb,standard,partial_gender_disability,c14b__day42__partial_gender_disability__standard__minus__day42__full__standard,c14b|oulad|all|future_fail_or_withdrawn|histgb|standard|partial_gender_disability,primary,5000,6,c14b|oulad|all|future_fail_or_withdrawn|day42|histgb|standard,oulad|all|future_fail_or_withdrawn|day42,draws/task_b708eb63559e33ef5cce.npz,c007,bc487fc85428d59da2c0989755fdbe7a82888414e22255b5f74d98e661adecb4,id_student_cluster,8714,9040,94e113680d24da3b4ce4bee1f1c80a377886697b78470d5646f458dbafc8d538
C14B_frozen,oulad,all,future_fail_or_withdrawn,day56,histgb,standard,partial_gender_disability,c14b__day56__partial_gender_disability__standard__minus__day56__full__standard,c14b|oulad|all|future_fail_or_withdrawn|histgb|standard|partial_gender_disability,primary,5000,6,c14b|oulad|all|future_fail_or_withdrawn|day56|histgb|standard,oulad|all|future_fail_or_withdrawn|day56,draws/task_e242be323d1e7971511e.npz,c001,76149885b639cfe9f09ea59b0c8f306ebaaf07bf9441bfe57b63595a35df0b68,id_student_cluster,8560,8877,e1be43ac557511a4e80e9dbcff91c618d2a28d5819767d702d298f231babca41
C14B_frozen,oulad,all,future_fail_or_withdrawn,day70,histgb,standard,partial_gender_disability,c14b__day70__partial_gender_disability__standard__minus__day70__full__standard,c14b|oulad|all|future_fail_or_withdrawn|histgb|standard|partial_gender_disability,primary,5000,6,c14b|oulad|all|future_fail_or_withdrawn|day70|histgb|standard,oulad|all|future_fail_or_withdrawn|day70,draws/task_b8d7ef2aa7b4cb076770.npz,c001,29c51f77c5abeda85e4080752eb62987c540cc11d5acd4b416780f2c852fd5a3,id_student_cluster,8392,8694,1fbc6131b8a3a0c2bddee5100f4f726a06d5b10fad94e1974091d6ebc6ed9db6
C14B_frozen,oulad,all,future_fail_or_withdrawn,day90,histgb,standard,partial_gender_disability,c14b__day90__partial_gender_disability__standard__minus__day90__full__standard,c14b|oulad|all|future_fail_or_withdrawn|histgb|standard|partial_gender_disability,primary,5000,6,c14b|oulad|all|future_fail_or_withdrawn|day90|histgb|standard,oulad|all|future_fail_or_withdrawn|day90,draws/task_1152ad78c73405c9b109.npz,c001,33e1a85531ba9359a81f53b1f12cccf2ef35f745cc5862313a3763e25bc7c719,id_student_cluster,8241,8532,b481dd390fcf39f3a0f565e886f5668764325d2ff1eed1303cd88453381904b6
C14B_frozen,oulad,all,future_fail_or_withdrawn,day42,histgb,standard,strict_enriched_due_process,c14b__day42__strict_enriched_due_process__standard__minus__day42__full__standard,c14b|oulad|all|future_fail_or_withdrawn|histgb|standard|strict_enriched_due_process,sensitivity,2000,1,c14b|oulad|all|future_fail_or_withdrawn|day42|histgb|standard,oulad|all|future_fail_or_withdrawn|day42,draws/task_b708eb63559e33ef5cce.npz,c008,bc487fc85428d59da2c0989755fdbe7a82888414e22255b5f74d98e661adecb4,id_student_cluster,8714,9040,94e113680d24da3b4ce4bee1f1c80a377886697b78470d5646f458dbafc8d538
C14B_frozen,oulad,all,future_fail_or_withdrawn,day42,histgb,standard,strict_original,c14b__day42__strict_original__standard__minus__day42__full__standard,c14b|oulad|all|future_fail_or_withdrawn|histgb|standard|strict_original,sensitivity,2000,1,c14b|oulad|all|future_fail_or_withdrawn|day42|histgb|standard,oulad|all|future_fail_or_withdrawn|day42,draws/task_b708eb63559e33ef5cce.npz,c009,bc487fc85428d59da2c0989755fdbe7a82888414e22255b5f74d98e661adecb4,id_student_cluster,8714,9040,94e113680d24da3b4ce4bee1f1c80a377886697b78470d5646f458dbafc8d538
C14B_frozen,oulad,all,future_fail_or_withdrawn,day42,histgb,standard,strict_typed_alternative,c14b__day42__strict_typed_alternative__standard__minus__day42__full__standard,c14b|oulad|all|future_fail_or_withdrawn|histgb|standard|strict_typed_alternative,sensitivity,2000,1,c14b|oulad|all|future_fail_or_withdrawn|day42|histgb|standard,oulad|all|future_fail_or_withdrawn|day42,draws/task_b708eb63559e33ef5cce.npz,c010,bc487fc85428d59da2c0989755fdbe7a82888414e22255b5f74d98e661adecb4,id_student_cluster,8714,9040,94e113680d24da3b4ce4bee1f1c80a377886697b78470d5646f458dbafc8d538
C14B_frozen,uci320,mathematics,fail_g3_lt_10,baseline,histgb,c13_selected,no_demographic_family,c14b__uci320__mathematics__fail_g3_lt_10__baseline__no_demographic_family__histgb__minus__uci320__mathematics__fail_g3_lt_10__baseline__full__histgb,c14b|uci320|mathematics|fail_g3_lt_10|histgb|c13_selected|no_demographic_family,primary,5000,3,c14b|uci320|mathematics|fail_g3_lt_10|baseline|histgb|c13_selected,uci320|mathematics|fail_g3_lt_10|baseline,draws/task_bae483f1ad59ceae8f87.npz,c000,da9a5e57af139c0f619e3b43c64998a77ae1812ec85fef2f399d5e4fc1b90659,row,395,395,439f189005536515e97da7cffb00e7734c3f3e77148bbdd835b793698631d8b5
C14B_frozen,uci320,mathematics,fail_g3_lt_10,baseline,logistic,c13_selected,no_demographic_family,c14b__uci320__mathematics__fail_g3_lt_10__baseline__no_demographic_family__logistic__minus__uci320__mathematics__fail_g3_lt_10__baseline__full__logistic,c14b|uci320|mathematics|fail_g3_lt_10|logistic|c13_selected|no_demographic_family,sensitivity,2000,3,c14b|uci320|mathematics|fail_g3_lt_10|baseline|logistic|c13_selected,uci320|mathematics|fail_g3_lt_10|baseline,draws/task_cd85c10057be4aaa7859.npz,c000,d53d1ecd0d3be8aa9aab0250055bd5a4bcd10acc2d882b12379eb2f428848da0,row,395,395,439f189005536515e97da7cffb00e7734c3f3e77148bbdd835b793698631d8b5
C14B_frozen,uci320,mathematics,fail_g3_lt_10,period1,histgb,c13_selected,no_demographic_family,c14b__uci320__mathematics__fail_g3_lt_10__period1__no_demographic_family__histgb__minus__uci320__mathematics__fail_g3_lt_10__period1__full__histgb,c14b|uci320|mathematics|fail_g3_lt_10|histgb|c13_selected|no_demographic_family,primary,5000,3,c14b|uci320|mathematics|fail_g3_lt_10|period1|histgb|c13_selected,uci320|mathematics|fail_g3_lt_10|period1,draws/task_32134eb6a1685b11d062.npz,c000,7ce915909a82633e1d891d5486eb80aaa035665150f87ece89c1475b23b55d04,row,395,395,b4f51b2eea5b3de81efd5b69d551b5c76562cd0bf22266557640f350b30520a4
C14B_frozen,uci320,mathematics,fail_g3_lt_10,period1,logistic,c13_selected,no_demographic_family,c14b__uci320__mathematics__fail_g3_lt_10__period1__no_demographic_family__logistic__minus__uci320__mathematics__fail_g3_lt_10__period1__full__logistic,c14b|uci320|mathematics|fail_g3_lt_10|logistic|c13_selected|no_demographic_family,sensitivity,2000,3,c14b|uci320|mathematics|fail_g3_lt_10|period1|logistic|c13_selected,uci320|mathematics|fail_g3_lt_10|period1,draws/task_5b79c4b3e7e11b9f1546.npz,c000,e77c6e28dcf30bf3bd2eb2d3be4258000cce43cbfc8bac5fcf6f88d398b73375,row,395,395,b4f51b2eea5b3de81efd5b69d551b5c76562cd0bf22266557640f350b30520a4
C14B_frozen,uci320,mathematics,fail_g3_lt_10,period2,histgb,c13_selected,no_demographic_family,c14b__uci320__mathematics__fail_g3_lt_10__period2__no_demographic_family__histgb__minus__uci320__mathematics__fail_g3_lt_10__period2__full__histgb,c14b|uci320|mathematics|fail_g3_lt_10|histgb|c13_selected|no_demographic_family,primary,5000,3,c14b|uci320|mathematics|fail_g3_lt_10|period2|histgb|c13_selected,uci320|mathematics|fail_g3_lt_10|period2,draws/task_d965f6ee0246872f6090.npz,c000,e7eaa7cbbb87c4d3e9ac1d34adc58d3feac3682bb5bd1b7464083814ade856b2,row,395,395,cb4f566f702f61356304166b1d56f5b75e32b5df76b05400da04153caeb89a02
C14B_frozen,uci320,mathematics,fail_g3_lt_10,period2,logistic,c13_selected,no_demographic_family,c14b__uci320__mathematics__fail_g3_lt_10__period2__no_demographic_family__logistic__minus__uci320__mathematics__fail_g3_lt_10__period2__full__logistic,c14b|uci320|mathematics|fail_g3_lt_10|logistic|c13_selected|no_demographic_family,sensitivity,2000,3,c14b|uci320|mathematics|fail_g3_lt_10|period2|logistic|c13_selected,uci320|mathematics|fail_g3_lt_10|period2,draws/task_9b556138d0576a0385e3.npz,c000,8fe4be0ba51f495b9aa88b8bd7c2f0b201642a24ad9bec4a890d82d5585ae005,row,395,395,cb4f566f702f61356304166b1d56f5b75e32b5df76b05400da04153caeb89a02
C14B_frozen,uci320,mathematics,fail_g3_lt_10,baseline,histgb,c13_selected,no_sensitive_wellbeing,c14b__uci320__mathematics__fail_g3_lt_10__baseline__no_sensitive_wellbeing__histgb__minus__uci320__mathematics__fail_g3_lt_10__baseline__full__histgb,c14b|uci320|mathematics|fail_g3_lt_10|histgb|c13_selected|no_sensitive_wellbeing,primary,5000,3,c14b|uci320|mathematics|fail_g3_lt_10|baseline|histgb|c13_selected,uci320|mathematics|fail_g3_lt_10|baseline,draws/task_bae483f1ad59ceae8f87.npz,c001,da9a5e57af139c0f619e3b43c64998a77ae1812ec85fef2f399d5e4fc1b90659,row,395,395,439f189005536515e97da7cffb00e7734c3f3e77148bbdd835b793698631d8b5
C14B_frozen,uci320,mathematics,fail_g3_lt_10,baseline,logistic,c13_selected,no_sensitive_wellbeing,c14b__uci320__mathematics__fail_g3_lt_10__baseline__no_sensitive_wellbeing__logistic__minus__uci320__mathematics__fail_g3_lt_10__baseline__full__logistic,c14b|uci320|mathematics|fail_g3_lt_10|logistic|c13_selected|no_sensitive_wellbeing,sensitivity,2000,3,c14b|uci320|mathematics|fail_g3_lt_10|baseline|logistic|c13_selected,uci320|mathematics|fail_g3_lt_10|baseline,draws/task_cd85c10057be4aaa7859.npz,c001,d53d1ecd0d3be8aa9aab0250055bd5a4bcd10acc2d882b12379eb2f428848da0,row,395,395,439f189005536515e97da7cffb00e7734c3f3e77148bbdd835b793698631d8b5
C14B_frozen,uci320,mathematics,fail_g3_lt_10,period1,histgb,c13_selected,no_sensitive_wellbeing,c14b__uci320__mathematics__fail_g3_lt_10__period1__no_sensitive_wellbeing__histgb__minus__uci320__mathematics__fail_g3_lt_10__period1__full__histgb,c14b|uci320|mathematics|fail_g3_lt_10|histgb|c13_selected|no_sensitive_wellbeing,primary,5000,3,c14b|uci320|mathematics|fail_g3_lt_10|period1|histgb|c13_selected,uci320|mathematics|fail_g3_lt_10|period1,draws/task_32134eb6a1685b11d062.npz,c001,7ce915909a82633e1d891d5486eb80aaa035665150f87ece89c1475b23b55d04,row,395,395,b4f51b2eea5b3de81efd5b69d551b5c76562cd0bf22266557640f350b30520a4
C14B_frozen,uci320,mathematics,fail_g3_lt_10,period1,logistic,c13_selected,no_sensitive_wellbeing,c14b__uci320__mathematics__fail_g3_lt_10__period1__no_sensitive_wellbeing__logistic__minus__uci320__mathematics__fail_g3_lt_10__period1__full__logistic,c14b|uci320|mathematics|fail_g3_lt_10|logistic|c13_selected|no_sensitive_wellbeing,sensitivity,2000,3,c14b|uci320|mathematics|fail_g3_lt_10|period1|logistic|c13_selected,uci320|mathematics|fail_g3_lt_10|period1,draws/task_5b79c4b3e7e11b9f1546.npz,c001,e77c6e28dcf30bf3bd2eb2d3be4258000cce43cbfc8bac5fcf6f88d398b73375,row,395,395,b4f51b2eea5b3de81efd5b69d551b5c76562cd0bf22266557640f350b30520a4
C14B_frozen,uci320,mathematics,fail_g3_lt_10,period2,histgb,c13_selected,no_sensitive_wellbeing,c14b__uci320__mathematics__fail_g3_lt_10__period2__no_sensitive_wellbeing__histgb__minus__uci320__mathematics__fail_g3_lt_10__period2__full__histgb,c14b|uci320|mathematics|fail_g3_lt_10|histgb|c13_selected|no_sensitive_wellbeing,primary,5000,3,c14b|uci320|mathematics|fail_g3_lt_10|period2|histgb|c13_selected,uci320|mathematics|fail_g3_lt_10|period2,draws/task_d965f6ee0246872f6090.npz,c001,e7eaa7cbbb87c4d3e9ac1d34adc58d3feac3682bb5bd1b7464083814ade856b2,row,395,395,cb4f566f702f61356304166b1d56f5b75e32b5df76b05400da04153caeb89a02
C14B_frozen,uci320,mathematics,fail_g3_lt_10,period2,logistic,c13_selected,no_sensitive_wellbeing,c14b__uci320__mathematics__fail_g3_lt_10__period2__no_sensitive_wellbeing__logistic__minus__uci320__mathematics__fail_g3_lt_10__period2__full__logistic,c14b|uci320|mathematics|fail_g3_lt_10|logistic|c13_selected|no_sensitive_wellbeing,sensitivity,2000,3,c14b|uci320|mathematics|fail_g3_lt_10|period2|logistic|c13_selected,uci320|mathematics|fail_g3_lt_10|period2,draws/task_9b556138d0576a0385e3.npz,c001,8fe4be0ba51f495b9aa88b8bd7c2f0b201642a24ad9bec4a890d82d5585ae005,row,395,395,cb4f566f702f61356304166b1d56f5b75e32b5df76b05400da04153caeb89a02
C14B_frozen,uci320,mathematics,fail_g3_lt_10,baseline,histgb,c13_selected,school_observable_only,c14b__uci320__mathematics__fail_g3_lt_10__baseline__school_observable_only__histgb__minus__uci320__mathematics__fail_g3_lt_10__baseline__full__histgb,c14b|uci320|mathematics|fail_g3_lt_10|histgb|c13_selected|school_observable_only,primary,5000,3,c14b|uci320|mathematics|fail_g3_lt_10|baseline|histgb|c13_selected,uci320|mathematics|fail_g3_lt_10|baseline,draws/task_bae483f1ad59ceae8f87.npz,c002,da9a5e57af139c0f619e3b43c64998a77ae1812ec85fef2f399d5e4fc1b90659,row,395,395,439f189005536515e97da7cffb00e7734c3f3e77148bbdd835b793698631d8b5
C14B_frozen,uci320,mathematics,fail_g3_lt_10,baseline,logistic,c13_selected,school_observable_only,c14b__uci320__mathematics__fail_g3_lt_10__baseline__school_observable_only__logistic__minus__uci320__mathematics__fail_g3_lt_10__baseline__full__logistic,c14b|uci320|mathematics|fail_g3_lt_10|logistic|c13_selected|school_observable_only,sensitivity,2000,3,c14b|uci320|mathematics|fail_g3_lt_10|baseline|logistic|c13_selected,uci320|mathematics|fail_g3_lt_10|baseline,draws/task_cd85c10057be4aaa7859.npz,c002,d53d1ecd0d3be8aa9aab0250055bd5a4bcd10acc2d882b12379eb2f428848da0,row,395,395,439f189005536515e97da7cffb00e7734c3f3e77148bbdd835b793698631d8b5
C14B_frozen,uci320,mathematics,fail_g3_lt_10,period1,histgb,c13_selected,school_observable_only,c14b__uci320__mathematics__fail_g3_lt_10__period1__school_observable_only__histgb__minus__uci320__mathematics__fail_g3_lt_10__period1__full__histgb,c14b|uci320|mathematics|fail_g3_lt_10|histgb|c13_selected|school_observable_only,primary,5000,3,c14b|uci320|mathematics|fail_g3_lt_10|period1|histgb|c13_selected,uci320|mathematics|fail_g3_lt_10|period1,draws/task_32134eb6a1685b11d062.npz,c002,7ce915909a82633e1d891d5486eb80aaa035665150f87ece89c1475b23b55d04,row,395,395,b4f51b2eea5b3de81efd5b69d551b5c76562cd0bf22266557640f350b30520a4
C14B_frozen,uci320,mathematics,fail_g3_lt_10,period1,logistic,c13_selected,school_observable_only,c14b__uci320__mathematics__fail_g3_lt_10__period1__school_observable_only__logistic__minus__uci320__mathematics__fail_g3_lt_10__period1__full__logistic,c14b|uci320|mathematics|fail_g3_lt_10|logistic|c13_selected|school_observable_only,sensitivity,2000,3,c14b|uci320|mathematics|fail_g3_lt_10|period1|logistic|c13_selected,uci320|mathematics|fail_g3_lt_10|period1,draws/task_5b79c4b3e7e11b9f1546.npz,c002,e77c6e28dcf30bf3bd2eb2d3be4258000cce43cbfc8bac5fcf6f88d398b73375,row,395,395,b4f51b2eea5b3de81efd5b69d551b5c76562cd0bf22266557640f350b30520a4
C14B_frozen,uci320,mathematics,fail_g3_lt_10,period2,histgb,c13_selected,school_observable_only,c14b__uci320__mathematics__fail_g3_lt_10__period2__school_observable_only__histgb__minus__uci320__mathematics__fail_g3_lt_10__period2__full__histgb,c14b|uci320|mathematics|fail_g3_lt_10|histgb|c13_selected|school_observable_only,primary,5000,3,c14b|uci320|mathematics|fail_g3_lt_10|period2|histgb|c13_selected,uci320|mathematics|fail_g3_lt_10|period2,draws/task_d965f6ee0246872f6090.npz,c002,e7eaa7cbbb87c4d3e9ac1d34adc58d3feac3682bb5bd1b7464083814ade856b2,row,395,395,cb4f566f702f61356304166b1d56f5b75e32b5df76b05400da04153caeb89a02
C14B_frozen,uci320,mathematics,fail_g3_lt_10,period2,logistic,c13_selected,school_observable_only,c14b__uci320__mathematics__fail_g3_lt_10__period2__school_observable_only__logistic__minus__uci320__mathematics__fail_g3_lt_10__period2__full__logistic,c14b|uci320|mathematics|fail_g3_lt_10|logistic|c13_selected|school_observable_only,sensitivity,2000,3,c14b|uci320|mathematics|fail_g3_lt_10|period2|logistic|c13_selected,uci320|mathematics|fail_g3_lt_10|period2,draws/task_9b556138d0576a0385e3.npz,c002,8fe4be0ba51f495b9aa88b8bd7c2f0b201642a24ad9bec4a890d82d5585ae005,row,395,395,cb4f566f702f61356304166b1d56f5b75e32b5df76b05400da04153caeb89a02
C14B_frozen,uci320,mathematics,fail_g3_lt_10,baseline,histgb,c13_selected,targeted_no_sex,c14b__uci320__mathematics__fail_g3_lt_10__baseline__targeted_no_sex__histgb__minus__uci320__mathematics__fail_g3_lt_10__baseline__full__histgb,c14b|uci320|mathematics|fail_g3_lt_10|histgb|c13_selected|targeted_no_sex,primary,5000,3,c14b|uci320|mathematics|fail_g3_lt_10|baseline|histgb|c13_selected,uci320|mathematics|fail_g3_lt_10|baseline,draws/task_bae483f1ad59ceae8f87.npz,c003,da9a5e57af139c0f619e3b43c64998a77ae1812ec85fef2f399d5e4fc1b90659,row,395,395,439f189005536515e97da7cffb00e7734c3f3e77148bbdd835b793698631d8b5
C14B_frozen,uci320,mathematics,fail_g3_lt_10,baseline,logistic,c13_selected,targeted_no_sex,c14b__uci320__mathematics__fail_g3_lt_10__baseline__targeted_no_sex__logistic__minus__uci320__mathematics__fail_g3_lt_10__baseline__full__logistic,c14b|uci320|mathematics|fail_g3_lt_10|logistic|c13_selected|targeted_no_sex,sensitivity,2000,3,c14b|uci320|mathematics|fail_g3_lt_10|baseline|logistic|c13_selected,uci320|mathematics|fail_g3_lt_10|baseline,draws/task_cd85c10057be4aaa7859.npz,c003,d53d1ecd0d3be8aa9aab0250055bd5a4bcd10acc2d882b12379eb2f428848da0,row,395,395,439f189005536515e97da7cffb00e7734c3f3e77148bbdd835b793698631d8b5
C14B_frozen,uci320,mathematics,fail_g3_lt_10,period1,histgb,c13_selected,targeted_no_sex,c14b__uci320__mathematics__fail_g3_lt_10__period1__targeted_no_sex__histgb__minus__uci320__mathematics__fail_g3_lt_10__period1__full__histgb,c14b|uci320|mathematics|fail_g3_lt_10|histgb|c13_selected|targeted_no_sex,primary,5000,3,c14b|uci320|mathematics|fail_g3_lt_10|period1|histgb|c13_selected,uci320|mathematics|fail_g3_lt_10|period1,draws/task_32134eb6a1685b11d062.npz,c003,7ce915909a82633e1d891d5486eb80aaa035665150f87ece89c1475b23b55d04,row,395,395,b4f51b2eea5b3de81efd5b69d551b5c76562cd0bf22266557640f350b30520a4
C14B_frozen,uci320,mathematics,fail_g3_lt_10,period1,logistic,c13_selected,targeted_no_sex,c14b__uci320__mathematics__fail_g3_lt_10__period1__targeted_no_sex__logistic__minus__uci320__mathematics__fail_g3_lt_10__period1__full__logistic,c14b|uci320|mathematics|fail_g3_lt_10|logistic|c13_selected|targeted_no_sex,sensitivity,2000,3,c14b|uci320|mathematics|fail_g3_lt_10|period1|logistic|c13_selected,uci320|mathematics|fail_g3_lt_10|period1,draws/task_5b79c4b3e7e11b9f1546.npz,c003,e77c6e28dcf30bf3bd2eb2d3be4258000cce43cbfc8bac5fcf6f88d398b73375,row,395,395,b4f51b2eea5b3de81efd5b69d551b5c76562cd0bf22266557640f350b30520a4
C14B_frozen,uci320,mathematics,fail_g3_lt_10,period2,histgb,c13_selected,targeted_no_sex,c14b__uci320__mathematics__fail_g3_lt_10__period2__targeted_no_sex__histgb__minus__uci320__mathematics__fail_g3_lt_10__period2__full__histgb,c14b|uci320|mathematics|fail_g3_lt_10|histgb|c13_selected|targeted_no_sex,primary,5000,3,c14b|uci320|mathematics|fail_g3_lt_10|period2|histgb|c13_selected,uci320|mathematics|fail_g3_lt_10|period2,draws/task_d965f6ee0246872f6090.npz,c003,e7eaa7cbbb87c4d3e9ac1d34adc58d3feac3682bb5bd1b7464083814ade856b2,row,395,395,cb4f566f702f61356304166b1d56f5b75e32b5df76b05400da04153caeb89a02
C14B_frozen,uci320,mathematics,fail_g3_lt_10,period2,logistic,c13_selected,targeted_no_sex,c14b__uci320__mathematics__fail_g3_lt_10__period2__targeted_no_sex__logistic__minus__uci320__mathematics__fail_g3_lt_10__period2__full__logistic,c14b|uci320|mathematics|fail_g3_lt_10|logistic|c13_selected|targeted_no_sex,sensitivity,2000,3,c14b|uci320|mathematics|fail_g3_lt_10|period2|logistic|c13_selected,uci320|mathematics|fail_g3_lt_10|period2,draws/task_9b556138d0576a0385e3.npz,c003,8fe4be0ba51f495b9aa88b8bd7c2f0b201642a24ad9bec4a890d82d5585ae005,row,395,395,cb4f566f702f61356304166b1d56f5b75e32b5df76b05400da04153caeb89a02
C14B_frozen,uci320,portuguese,fail_g3_lt_10,baseline,histgb,c13_selected,no_demographic_family,c14b__uci320__portuguese__fail_g3_lt_10__baseline__no_demographic_family__histgb__minus__uci320__portuguese__fail_g3_lt_10__baseline__full__histgb,c14b|uci320|portuguese|fail_g3_lt_10|histgb|c13_selected|no_demographic_family,primary,5000,3,c14b|uci320|portuguese|fail_g3_lt_10|baseline|histgb|c13_selected,uci320|portuguese|fail_g3_lt_10|baseline,draws/task_b3cc447bbd22e3946289.npz,c000,2565f7c752ca3c352fa427ddc54fdda57ac2a313fc04dee3e041324495db2b5c,row,649,649,72e362edeb01c7e99523830fde04157aa87888ab2d6feab285ee199b76a385e9
C14B_frozen,uci320,portuguese,fail_g3_lt_10,baseline,logistic,c13_selected,no_demographic_family,c14b__uci320__portuguese__fail_g3_lt_10__baseline__no_demographic_family__logistic__minus__uci320__portuguese__fail_g3_lt_10__baseline__full__logistic,c14b|uci320|portuguese|fail_g3_lt_10|logistic|c13_selected|no_demographic_family,sensitivity,2000,3,c14b|uci320|portuguese|fail_g3_lt_10|baseline|logistic|c13_selected,uci320|portuguese|fail_g3_lt_10|baseline,draws/task_6ebd1451f67a1c72c7b5.npz,c000,e7fd6523938df1b308a0fcf1dd9141e3fe861df2a9e8aecbef91a33004832ec0,row,649,649,72e362edeb01c7e99523830fde04157aa87888ab2d6feab285ee199b76a385e9
C14B_frozen,uci320,portuguese,fail_g3_lt_10,period1,histgb,c13_selected,no_demographic_family,c14b__uci320__portuguese__fail_g3_lt_10__period1__no_demographic_family__histgb__minus__uci320__portuguese__fail_g3_lt_10__period1__full__histgb,c14b|uci320|portuguese|fail_g3_lt_10|histgb|c13_selected|no_demographic_family,primary,5000,3,c14b|uci320|portuguese|fail_g3_lt_10|period1|histgb|c13_selected,uci320|portuguese|fail_g3_lt_10|period1,draws/task_64c7e2d4cd52a085fb1b.npz,c000,6fb1bd476898403f2e00a0539b48826d6ace82a0d4c7b8014c389b3d0f455957,row,649,649,952fc21d2dfc8c4b5bc2e97b23cbdb78b85684ea05fbf806b2a302b513cae741
C14B_frozen,uci320,portuguese,fail_g3_lt_10,period1,logistic,c13_selected,no_demographic_family,c14b__uci320__portuguese__fail_g3_lt_10__period1__no_demographic_family__logistic__minus__uci320__portuguese__fail_g3_lt_10__period1__full__logistic,c14b|uci320|portuguese|fail_g3_lt_10|logistic|c13_selected|no_demographic_family,sensitivity,2000,3,c14b|uci320|portuguese|fail_g3_lt_10|period1|logistic|c13_selected,uci320|portuguese|fail_g3_lt_10|period1,draws/task_80f91bd1053352dd5d40.npz,c000,7aad6aa1ee25d95425df9b44813a91c71dbbc43ea0e57f01c9b3bf8142b92867,row,649,649,952fc21d2dfc8c4b5bc2e97b23cbdb78b85684ea05fbf806b2a302b513cae741
C14B_frozen,uci320,portuguese,fail_g3_lt_10,period2,histgb,c13_selected,no_demographic_family,c14b__uci320__portuguese__fail_g3_lt_10__period2__no_demographic_family__histgb__minus__uci320__portuguese__fail_g3_lt_10__period2__full__histgb,c14b|uci320|portuguese|fail_g3_lt_10|histgb|c13_selected|no_demographic_family,primary,5000,3,c14b|uci320|portuguese|fail_g3_lt_10|period2|histgb|c13_selected,uci320|portuguese|fail_g3_lt_10|period2,draws/task_5acc5d5249ea32029b43.npz,c000,9c1144c0ad401a56a78e5aa346a1ed1e827f8a2bda84685767ef080d3b681a2c,row,649,649,60a369ed625fa4c94eedb1d273989c880f6629b6c2f271d9f6652fa40e5d9d20
C14B_frozen,uci320,portuguese,fail_g3_lt_10,period2,logistic,c13_selected,no_demographic_family,c14b__uci320__portuguese__fail_g3_lt_10__period2__no_demographic_family__logistic__minus__uci320__portuguese__fail_g3_lt_10__period2__full__logistic,c14b|uci320|portuguese|fail_g3_lt_10|logistic|c13_selected|no_demographic_family,sensitivity,2000,3,c14b|uci320|portuguese|fail_g3_lt_10|period2|logistic|c13_selected,uci320|portuguese|fail_g3_lt_10|period2,draws/task_e9074cc621244e3cbd65.npz,c000,e03b9d800f4fa650889dd179bf82898bbffd362562c5d7f3e81b8dfcd87b13d8,row,649,649,60a369ed625fa4c94eedb1d273989c880f6629b6c2f271d9f6652fa40e5d9d20
C14B_frozen,uci320,portuguese,fail_g3_lt_10,baseline,histgb,c13_selected,no_sensitive_wellbeing,c14b__uci320__portuguese__fail_g3_lt_10__baseline__no_sensitive_wellbeing__histgb__minus__uci320__portuguese__fail_g3_lt_10__baseline__full__histgb,c14b|uci320|portuguese|fail_g3_lt_10|histgb|c13_selected|no_sensitive_wellbeing,primary,5000,3,c14b|uci320|portuguese|fail_g3_lt_10|baseline|histgb|c13_selected,uci320|portuguese|fail_g3_lt_10|baseline,draws/task_b3cc447bbd22e3946289.npz,c001,2565f7c752ca3c352fa427ddc54fdda57ac2a313fc04dee3e041324495db2b5c,row,649,649,72e362edeb01c7e99523830fde04157aa87888ab2d6feab285ee199b76a385e9
C14B_frozen,uci320,portuguese,fail_g3_lt_10,baseline,logistic,c13_selected,no_sensitive_wellbeing,c14b__uci320__portuguese__fail_g3_lt_10__baseline__no_sensitive_wellbeing__logistic__minus__uci320__portuguese__fail_g3_lt_10__baseline__full__logistic,c14b|uci320|portuguese|fail_g3_lt_10|logistic|c13_selected|no_sensitive_wellbeing,sensitivity,2000,3,c14b|uci320|portuguese|fail_g3_lt_10|baseline|logistic|c13_selected,uci320|portuguese|fail_g3_lt_10|baseline,draws/task_6ebd1451f67a1c72c7b5.npz,c001,e7fd6523938df1b308a0fcf1dd9141e3fe861df2a9e8aecbef91a33004832ec0,row,649,649,72e362edeb01c7e99523830fde04157aa87888ab2d6feab285ee199b76a385e9
C14B_frozen,uci320,portuguese,fail_g3_lt_10,period1,histgb,c13_selected,no_sensitive_wellbeing,c14b__uci320__portuguese__fail_g3_lt_10__period1__no_sensitive_wellbeing__histgb__minus__uci320__portuguese__fail_g3_lt_10__period1__full__histgb,c14b|uci320|portuguese|fail_g3_lt_10|histgb|c13_selected|no_sensitive_wellbeing,primary,5000,3,c14b|uci320|portuguese|fail_g3_lt_10|period1|histgb|c13_selected,uci320|portuguese|fail_g3_lt_10|period1,draws/task_64c7e2d4cd52a085fb1b.npz,c001,6fb1bd476898403f2e00a0539b48826d6ace82a0d4c7b8014c389b3d0f455957,row,649,649,952fc21d2dfc8c4b5bc2e97b23cbdb78b85684ea05fbf806b2a302b513cae741
C14B_frozen,uci320,portuguese,fail_g3_lt_10,period1,logistic,c13_selected,no_sensitive_wellbeing,c14b__uci320__portuguese__fail_g3_lt_10__period1__no_sensitive_wellbeing__logistic__minus__uci320__portuguese__fail_g3_lt_10__period1__full__logistic,c14b|uci320|portuguese|fail_g3_lt_10|logistic|c13_selected|no_sensitive_wellbeing,sensitivity,2000,3,c14b|uci320|portuguese|fail_g3_lt_10|period1|logistic|c13_selected,uci320|portuguese|fail_g3_lt_10|period1,draws/task_80f91bd1053352dd5d40.npz,c001,7aad6aa1ee25d95425df9b44813a91c71dbbc43ea0e57f01c9b3bf8142b92867,row,649,649,952fc21d2dfc8c4b5bc2e97b23cbdb78b85684ea05fbf806b2a302b513cae741
C14B_frozen,uci320,portuguese,fail_g3_lt_10,period2,histgb,c13_selected,no_sensitive_wellbeing,c14b__uci320__portuguese__fail_g3_lt_10__period2__no_sensitive_wellbeing__histgb__minus__uci320__portuguese__fail_g3_lt_10__period2__full__histgb,c14b|uci320|portuguese|fail_g3_lt_10|histgb|c13_selected|no_sensitive_wellbeing,primary,5000,3,c14b|uci320|portuguese|fail_g3_lt_10|period2|histgb|c13_selected,uci320|portuguese|fail_g3_lt_10|period2,draws/task_5acc5d5249ea32029b43.npz,c001,9c1144c0ad401a56a78e5aa346a1ed1e827f8a2bda84685767ef080d3b681a2c,row,649,649,60a369ed625fa4c94eedb1d273989c880f6629b6c2f271d9f6652fa40e5d9d20
C14B_frozen,uci320,portuguese,fail_g3_lt_10,period2,logistic,c13_selected,no_sensitive_wellbeing,c14b__uci320__portuguese__fail_g3_lt_10__period2__no_sensitive_wellbeing__logistic__minus__uci320__portuguese__fail_g3_lt_10__period2__full__logistic,c14b|uci320|portuguese|fail_g3_lt_10|logistic|c13_selected|no_sensitive_wellbeing,sensitivity,2000,3,c14b|uci320|portuguese|fail_g3_lt_10|period2|logistic|c13_selected,uci320|portuguese|fail_g3_lt_10|period2,draws/task_e9074cc621244e3cbd65.npz,c001,e03b9d800f4fa650889dd179bf82898bbffd362562c5d7f3e81b8dfcd87b13d8,row,649,649,60a369ed625fa4c94eedb1d273989c880f6629b6c2f271d9f6652fa40e5d9d20
C14B_frozen,uci320,portuguese,fail_g3_lt_10,baseline,histgb,c13_selected,school_observable_only,c14b__uci320__portuguese__fail_g3_lt_10__baseline__school_observable_only__histgb__minus__uci320__portuguese__fail_g3_lt_10__baseline__full__histgb,c14b|uci320|portuguese|fail_g3_lt_10|histgb|c13_selected|school_observable_only,primary,5000,3,c14b|uci320|portuguese|fail_g3_lt_10|baseline|histgb|c13_selected,uci320|portuguese|fail_g3_lt_10|baseline,draws/task_b3cc447bbd22e3946289.npz,c002,2565f7c752ca3c352fa427ddc54fdda57ac2a313fc04dee3e041324495db2b5c,row,649,649,72e362edeb01c7e99523830fde04157aa87888ab2d6feab285ee199b76a385e9
C14B_frozen,uci320,portuguese,fail_g3_lt_10,baseline,logistic,c13_selected,school_observable_only,c14b__uci320__portuguese__fail_g3_lt_10__baseline__school_observable_only__logistic__minus__uci320__portuguese__fail_g3_lt_10__baseline__full__logistic,c14b|uci320|portuguese|fail_g3_lt_10|logistic|c13_selected|school_observable_only,sensitivity,2000,3,c14b|uci320|portuguese|fail_g3_lt_10|baseline|logistic|c13_selected,uci320|portuguese|fail_g3_lt_10|baseline,draws/task_6ebd1451f67a1c72c7b5.npz,c002,e7fd6523938df1b308a0fcf1dd9141e3fe861df2a9e8aecbef91a33004832ec0,row,649,649,72e362edeb01c7e99523830fde04157aa87888ab2d6feab285ee199b76a385e9
C14B_frozen,uci320,portuguese,fail_g3_lt_10,period1,histgb,c13_selected,school_observable_only,c14b__uci320__portuguese__fail_g3_lt_10__period1__school_observable_only__histgb__minus__uci320__portuguese__fail_g3_lt_10__period1__full__histgb,c14b|uci320|portuguese|fail_g3_lt_10|histgb|c13_selected|school_observable_only,primary,5000,3,c14b|uci320|portuguese|fail_g3_lt_10|period1|histgb|c13_selected,uci320|portuguese|fail_g3_lt_10|period1,draws/task_64c7e2d4cd52a085fb1b.npz,c002,6fb1bd476898403f2e00a0539b48826d6ace82a0d4c7b8014c389b3d0f455957,row,649,649,952fc21d2dfc8c4b5bc2e97b23cbdb78b85684ea05fbf806b2a302b513cae741
C14B_frozen,uci320,portuguese,fail_g3_lt_10,period1,logistic,c13_selected,school_observable_only,c14b__uci320__portuguese__fail_g3_lt_10__period1__school_observable_only__logistic__minus__uci320__portuguese__fail_g3_lt_10__period1__full__logistic,c14b|uci320|portuguese|fail_g3_lt_10|logistic|c13_selected|school_observable_only,sensitivity,2000,3,c14b|uci320|portuguese|fail_g3_lt_10|period1|logistic|c13_selected,uci320|portuguese|fail_g3_lt_10|period1,draws/task_80f91bd1053352dd5d40.npz,c002,7aad6aa1ee25d95425df9b44813a91c71dbbc43ea0e57f01c9b3bf8142b92867,row,649,649,952fc21d2dfc8c4b5bc2e97b23cbdb78b85684ea05fbf806b2a302b513cae741
C14B_frozen,uci320,portuguese,fail_g3_lt_10,period2,histgb,c13_selected,school_observable_only,c14b__uci320__portuguese__fail_g3_lt_10__period2__school_observable_only__histgb__minus__uci320__portuguese__fail_g3_lt_10__period2__full__histgb,c14b|uci320|portuguese|fail_g3_lt_10|histgb|c13_selected|school_observable_only,primary,5000,3,c14b|uci320|portuguese|fail_g3_lt_10|period2|histgb|c13_selected,uci320|portuguese|fail_g3_lt_10|period2,draws/task_5acc5d5249ea32029b43.npz,c002,9c1144c0ad401a56a78e5aa346a1ed1e827f8a2bda84685767ef080d3b681a2c,row,649,649,60a369ed625fa4c94eedb1d273989c880f6629b6c2f271d9f6652fa40e5d9d20
C14B_frozen,uci320,portuguese,fail_g3_lt_10,period2,logistic,c13_selected,school_observable_only,c14b__uci320__portuguese__fail_g3_lt_10__period2__school_observable_only__logistic__minus__uci320__portuguese__fail_g3_lt_10__period2__full__logistic,c14b|uci320|portuguese|fail_g3_lt_10|logistic|c13_selected|school_observable_only,sensitivity,2000,3,c14b|uci320|portuguese|fail_g3_lt_10|period2|logistic|c13_selected,uci320|portuguese|fail_g3_lt_10|period2,draws/task_e9074cc621244e3cbd65.npz,c002,e03b9d800f4fa650889dd179bf82898bbffd362562c5d7f3e81b8dfcd87b13d8,row,649,649,60a369ed625fa4c94eedb1d273989c880f6629b6c2f271d9f6652fa40e5d9d20
C14B_frozen,uci320,portuguese,fail_g3_lt_10,baseline,histgb,c13_selected,targeted_no_sex,c14b__uci320__portuguese__fail_g3_lt_10__baseline__targeted_no_sex__histgb__minus__uci320__portuguese__fail_g3_lt_10__baseline__full__histgb,c14b|uci320|portuguese|fail_g3_lt_10|histgb|c13_selected|targeted_no_sex,primary,5000,3,c14b|uci320|portuguese|fail_g3_lt_10|baseline|histgb|c13_selected,uci320|portuguese|fail_g3_lt_10|baseline,draws/task_b3cc447bbd22e3946289.npz,c003,2565f7c752ca3c352fa427ddc54fdda57ac2a313fc04dee3e041324495db2b5c,row,649,649,72e362edeb01c7e99523830fde04157aa87888ab2d6feab285ee199b76a385e9
C14B_frozen,uci320,portuguese,fail_g3_lt_10,baseline,logistic,c13_selected,targeted_no_sex,c14b__uci320__portuguese__fail_g3_lt_10__baseline__targeted_no_sex__logistic__minus__uci320__portuguese__fail_g3_lt_10__baseline__full__logistic,c14b|uci320|portuguese|fail_g3_lt_10|logistic|c13_selected|targeted_no_sex,sensitivity,2000,3,c14b|uci320|portuguese|fail_g3_lt_10|baseline|logistic|c13_selected,uci320|portuguese|fail_g3_lt_10|baseline,draws/task_6ebd1451f67a1c72c7b5.npz,c003,e7fd6523938df1b308a0fcf1dd9141e3fe861df2a9e8aecbef91a33004832ec0,row,649,649,72e362edeb01c7e99523830fde04157aa87888ab2d6feab285ee199b76a385e9
C14B_frozen,uci320,portuguese,fail_g3_lt_10,period1,histgb,c13_selected,targeted_no_sex,c14b__uci320__portuguese__fail_g3_lt_10__period1__targeted_no_sex__histgb__minus__uci320__portuguese__fail_g3_lt_10__period1__full__histgb,c14b|uci320|portuguese|fail_g3_lt_10|histgb|c13_selected|targeted_no_sex,primary,5000,3,c14b|uci320|portuguese|fail_g3_lt_10|period1|histgb|c13_selected,uci320|portuguese|fail_g3_lt_10|period1,draws/task_64c7e2d4cd52a085fb1b.npz,c003,6fb1bd476898403f2e00a0539b48826d6ace82a0d4c7b8014c389b3d0f455957,row,649,649,952fc21d2dfc8c4b5bc2e97b23cbdb78b85684ea05fbf806b2a302b513cae741
C14B_frozen,uci320,portuguese,fail_g3_lt_10,period1,logistic,c13_selected,targeted_no_sex,c14b__uci320__portuguese__fail_g3_lt_10__period1__targeted_no_sex__logistic__minus__uci320__portuguese__fail_g3_lt_10__period1__full__logistic,c14b|uci320|portuguese|fail_g3_lt_10|logistic|c13_selected|targeted_no_sex,sensitivity,2000,3,c14b|uci320|portuguese|fail_g3_lt_10|period1|logistic|c13_selected,uci320|portuguese|fail_g3_lt_10|period1,draws/task_80f91bd1053352dd5d40.npz,c003,7aad6aa1ee25d95425df9b44813a91c71dbbc43ea0e57f01c9b3bf8142b92867,row,649,649,952fc21d2dfc8c4b5bc2e97b23cbdb78b85684ea05fbf806b2a302b513cae741
C14B_frozen,uci320,portuguese,fail_g3_lt_10,period2,histgb,c13_selected,targeted_no_sex,c14b__uci320__portuguese__fail_g3_lt_10__period2__targeted_no_sex__histgb__minus__uci320__portuguese__fail_g3_lt_10__period2__full__histgb,c14b|uci320|portuguese|fail_g3_lt_10|histgb|c13_selected|targeted_no_sex,primary,5000,3,c14b|uci320|portuguese|fail_g3_lt_10|period2|histgb|c13_selected,uci320|portuguese|fail_g3_lt_10|period2,draws/task_5acc5d5249ea32029b43.npz,c003,9c1144c0ad401a56a78e5aa346a1ed1e827f8a2bda84685767ef080d3b681a2c,row,649,649,60a369ed625fa4c94eedb1d273989c880f6629b6c2f271d9f6652fa40e5d9d20
C14B_frozen,uci320,portuguese,fail_g3_lt_10,period2,logistic,c13_selected,targeted_no_sex,c14b__uci320__portuguese__fail_g3_lt_10__period2__targeted_no_sex__logistic__minus__uci320__portuguese__fail_g3_lt_10__period2__full__logistic,c14b|uci320|portuguese|fail_g3_lt_10|logistic|c13_selected|targeted_no_sex,sensitivity,2000,3,c14b|uci320|portuguese|fail_g3_lt_10|period2|logistic|c13_selected,uci320|portuguese|fail_g3_lt_10|period2,draws/task_e9074cc621244e3cbd65.npz,c003,e03b9d800f4fa650889dd179bf82898bbffd362562c5d7f3e81b8dfcd87b13d8,row,649,649,60a369ed625fa4c94eedb1d273989c880f6629b6c2f271d9f6652fa40e5d9d20
C14B_frozen,uci697,all,dropout_vs_all_other,enrollment,histgb,c13_selected,legacy_operational,c14b__uci697__all__dropout_vs_all_other__enrollment__legacy_operational__histgb__minus__uci697__all__dropout_vs_all_other__enrollment__full__histgb,c14b|uci697|all|dropout_vs_all_other|histgb|c13_selected|legacy_operational,sensitivity,2000,2,c14b|uci697|all|dropout_vs_all_other|enrollment|histgb|c13_selected,uci697|all|dropout_vs_all_other|enrollment,draws/task_b888e3a8ace5cd6918e4.npz,c000,676b4089119ac4b0691c27603c0e30d016be54accef28a332b652f0032747cf6,row,4424,4424,ebb3c055f61fa3d7f5a25f70fba1ac4eb890dbb6a5f83d36925e9aa8f0cfb289
C14B_frozen,uci697,all,dropout_vs_all_other,enrollment,logistic,c13_selected,legacy_operational,c14b__uci697__all__dropout_vs_all_other__enrollment__legacy_operational__logistic__minus__uci697__all__dropout_vs_all_other__enrollment__full__logistic,c14b|uci697|all|dropout_vs_all_other|logistic|c13_selected|legacy_operational,sensitivity,2000,2,c14b|uci697|all|dropout_vs_all_other|enrollment|logistic|c13_selected,uci697|all|dropout_vs_all_other|enrollment,draws/task_71a2f22260202d359dda.npz,c000,4c7303b2e3b8c5a70696aa1102d2b2307beb0fc1203052f3031cf9ce27c6b00b,row,4424,4424,ebb3c055f61fa3d7f5a25f70fba1ac4eb890dbb6a5f83d36925e9aa8f0cfb289
C14B_frozen,uci697,all,dropout_vs_all_other,semester1,histgb,c13_selected,legacy_operational,c14b__uci697__all__dropout_vs_all_other__semester1__legacy_operational__histgb__minus__uci697__all__dropout_vs_all_other__semester1__full__histgb,c14b|uci697|all|dropout_vs_all_other|histgb|c13_selected|legacy_operational,sensitivity,2000,2,c14b|uci697|all|dropout_vs_all_other|semester1|histgb|c13_selected,uci697|all|dropout_vs_all_other|semester1,draws/task_0485446b69bfa6071ef5.npz,c000,b9eba8d8c172250f6b3f0a9ab36d4a026235b5433bcae40c482602efa53c4f62,row,4424,4424,c1825a1f354219ad6ad6e69c945210b47d8b91be27bd4b21fe5a81f089c30054
C14B_frozen,uci697,all,dropout_vs_all_other,semester1,logistic,c13_selected,legacy_operational,c14b__uci697__all__dropout_vs_all_other__semester1__legacy_operational__logistic__minus__uci697__all__dropout_vs_all_other__semester1__full__logistic,c14b|uci697|all|dropout_vs_all_other|logistic|c13_selected|legacy_operational,sensitivity,2000,2,c14b|uci697|all|dropout_vs_all_other|semester1|logistic|c13_selected,uci697|all|dropout_vs_all_other|semester1,draws/task_557b913bf90f4b861575.npz,c000,b0301e3e73fac09198f749b92b0a732349ac6acd8d4cd81e9dcaffbec98ceac6,row,4424,4424,c1825a1f354219ad6ad6e69c945210b47d8b91be27bd4b21fe5a81f089c30054
C14B_frozen,uci697,all,dropout_vs_all_other,enrollment,histgb,c13_selected,no_direct_personal,c14b__uci697__all__dropout_vs_all_other__enrollment__no_direct_personal__histgb__minus__uci697__all__dropout_vs_all_other__enrollment__full__histgb,c14b|uci697|all|dropout_vs_all_other|histgb|c13_selected|no_direct_personal,sensitivity,2000,2,c14b|uci697|all|dropout_vs_all_other|enrollment|histgb|c13_selected,uci697|all|dropout_vs_all_other|enrollment,draws/task_b888e3a8ace5cd6918e4.npz,c001,676b4089119ac4b0691c27603c0e30d016be54accef28a332b652f0032747cf6,row,4424,4424,ebb3c055f61fa3d7f5a25f70fba1ac4eb890dbb6a5f83d36925e9aa8f0cfb289
C14B_frozen,uci697,all,dropout_vs_all_other,enrollment,logistic,c13_selected,no_direct_personal,c14b__uci697__all__dropout_vs_all_other__enrollment__no_direct_personal__logistic__minus__uci697__all__dropout_vs_all_other__enrollment__full__logistic,c14b|uci697|all|dropout_vs_all_other|logistic|c13_selected|no_direct_personal,sensitivity,2000,2,c14b|uci697|all|dropout_vs_all_other|enrollment|logistic|c13_selected,uci697|all|dropout_vs_all_other|enrollment,draws/task_71a2f22260202d359dda.npz,c001,4c7303b2e3b8c5a70696aa1102d2b2307beb0fc1203052f3031cf9ce27c6b00b,row,4424,4424,ebb3c055f61fa3d7f5a25f70fba1ac4eb890dbb6a5f83d36925e9aa8f0cfb289
C14B_frozen,uci697,all,dropout_vs_all_other,semester1,histgb,c13_selected,no_direct_personal,c14b__uci697__all__dropout_vs_all_other__semester1__no_direct_personal__histgb__minus__uci697__all__dropout_vs_all_other__semester1__full__histgb,c14b|uci697|all|dropout_vs_all_other|histgb|c13_selected|no_direct_personal,sensitivity,2000,2,c14b|uci697|all|dropout_vs_all_other|semester1|histgb|c13_selected,uci697|all|dropout_vs_all_other|semester1,draws/task_0485446b69bfa6071ef5.npz,c001,b9eba8d8c172250f6b3f0a9ab36d4a026235b5433bcae40c482602efa53c4f62,row,4424,4424,c1825a1f354219ad6ad6e69c945210b47d8b91be27bd4b21fe5a81f089c30054
C14B_frozen,uci697,all,dropout_vs_all_other,semester1,logistic,c13_selected,no_direct_personal,c14b__uci697__all__dropout_vs_all_other__semester1__no_direct_personal__logistic__minus__uci697__all__dropout_vs_all_other__semester1__full__logistic,c14b|uci697|all|dropout_vs_all_other|logistic|c13_selected|no_direct_personal,sensitivity,2000,2,c14b|uci697|all|dropout_vs_all_other|semester1|logistic|c13_selected,uci697|all|dropout_vs_all_other|semester1,draws/task_557b913bf90f4b861575.npz,c001,b0301e3e73fac09198f749b92b0a732349ac6acd8d4cd81e9dcaffbec98ceac6,row,4424,4424,c1825a1f354219ad6ad6e69c945210b47d8b91be27bd4b21fe5a81f089c30054
C14B_frozen,uci697,all,dropout_vs_all_other,enrollment,histgb,c13_selected,no_family_financial,c14b__uci697__all__dropout_vs_all_other__enrollment__no_family_financial__histgb__minus__uci697__all__dropout_vs_all_other__enrollment__full__histgb,c14b|uci697|all|dropout_vs_all_other|histgb|c13_selected|no_family_financial,sensitivity,2000,2,c14b|uci697|all|dropout_vs_all_other|enrollment|histgb|c13_selected,uci697|all|dropout_vs_all_other|enrollment,draws/task_b888e3a8ace5cd6918e4.npz,c002,676b4089119ac4b0691c27603c0e30d016be54accef28a332b652f0032747cf6,row,4424,4424,ebb3c055f61fa3d7f5a25f70fba1ac4eb890dbb6a5f83d36925e9aa8f0cfb289
C14B_frozen,uci697,all,dropout_vs_all_other,enrollment,logistic,c13_selected,no_family_financial,c14b__uci697__all__dropout_vs_all_other__enrollment__no_family_financial__logistic__minus__uci697__all__dropout_vs_all_other__enrollment__full__logistic,c14b|uci697|all|dropout_vs_all_other|logistic|c13_selected|no_family_financial,sensitivity,2000,2,c14b|uci697|all|dropout_vs_all_other|enrollment|logistic|c13_selected,uci697|all|dropout_vs_all_other|enrollment,draws/task_71a2f22260202d359dda.npz,c002,4c7303b2e3b8c5a70696aa1102d2b2307beb0fc1203052f3031cf9ce27c6b00b,row,4424,4424,ebb3c055f61fa3d7f5a25f70fba1ac4eb890dbb6a5f83d36925e9aa8f0cfb289
C14B_frozen,uci697,all,dropout_vs_all_other,semester1,histgb,c13_selected,no_family_financial,c14b__uci697__all__dropout_vs_all_other__semester1__no_family_financial__histgb__minus__uci697__all__dropout_vs_all_other__semester1__full__histgb,c14b|uci697|all|dropout_vs_all_other|histgb|c13_selected|no_family_financial,sensitivity,2000,2,c14b|uci697|all|dropout_vs_all_other|semester1|histgb|c13_selected,uci697|all|dropout_vs_all_other|semester1,draws/task_0485446b69bfa6071ef5.npz,c002,b9eba8d8c172250f6b3f0a9ab36d4a026235b5433bcae40c482602efa53c4f62,row,4424,4424,c1825a1f354219ad6ad6e69c945210b47d8b91be27bd4b21fe5a81f089c30054
C14B_frozen,uci697,all,dropout_vs_all_other,semester1,logistic,c13_selected,no_family_financial,c14b__uci697__all__dropout_vs_all_other__semester1__no_family_financial__logistic__minus__uci697__all__dropout_vs_all_other__semester1__full__logistic,c14b|uci697|all|dropout_vs_all_other|logistic|c13_selected|no_family_financial,sensitivity,2000,2,c14b|uci697|all|dropout_vs_all_other|semester1|logistic|c13_selected,uci697|all|dropout_vs_all_other|semester1,draws/task_557b913bf90f4b861575.npz,c002,b0301e3e73fac09198f749b92b0a732349ac6acd8d4cd81e9dcaffbec98ceac6,row,4424,4424,c1825a1f354219ad6ad6e69c945210b47d8b91be27bd4b21fe5a81f089c30054
C14B_frozen,uci697,all,dropout_vs_all_other,enrollment,histgb,c13_selected,targeted_gender_special_needs,c14b__uci697__all__dropout_vs_all_other__enrollment__targeted_gender_special_needs__histgb__minus__uci697__all__dropout_vs_all_other__enrollment__full__histgb,c14b|uci697|all|dropout_vs_all_other|histgb|c13_selected|targeted_gender_special_needs,sensitivity,2000,2,c14b|uci697|all|dropout_vs_all_other|enrollment|histgb|c13_selected,uci697|all|dropout_vs_all_other|enrollment,draws/task_b888e3a8ace5cd6918e4.npz,c003,676b4089119ac4b0691c27603c0e30d016be54accef28a332b652f0032747cf6,row,4424,4424,ebb3c055f61fa3d7f5a25f70fba1ac4eb890dbb6a5f83d36925e9aa8f0cfb289
C14B_frozen,uci697,all,dropout_vs_all_other,enrollment,logistic,c13_selected,targeted_gender_special_needs,c14b__uci697__all__dropout_vs_all_other__enrollment__targeted_gender_special_needs__logistic__minus__uci697__all__dropout_vs_all_other__enrollment__full__logistic,c14b|uci697|all|dropout_vs_all_other|logistic|c13_selected|targeted_gender_special_needs,sensitivity,2000,2,c14b|uci697|all|dropout_vs_all_other|enrollment|logistic|c13_selected,uci697|all|dropout_vs_all_other|enrollment,draws/task_71a2f22260202d359dda.npz,c003,4c7303b2e3b8c5a70696aa1102d2b2307beb0fc1203052f3031cf9ce27c6b00b,row,4424,4424,ebb3c055f61fa3d7f5a25f70fba1ac4eb890dbb6a5f83d36925e9aa8f0cfb289
C14B_frozen,uci697,all,dropout_vs_all_other,semester1,histgb,c13_selected,targeted_gender_special_needs,c14b__uci697__all__dropout_vs_all_other__semester1__targeted_gender_special_needs__histgb__minus__uci697__all__dropout_vs_all_other__semester1__full__histgb,c14b|uci697|all|dropout_vs_all_other|histgb|c13_selected|targeted_gender_special_needs,sensitivity,2000,2,c14b|uci697|all|dropout_vs_all_other|semester1|histgb|c13_selected,uci697|all|dropout_vs_all_other|semester1,draws/task_0485446b69bfa6071ef5.npz,c003,b9eba8d8c172250f6b3f0a9ab36d4a026235b5433bcae40c482602efa53c4f62,row,4424,4424,c1825a1f354219ad6ad6e69c945210b47d8b91be27bd4b21fe5a81f089c30054
C14B_frozen,uci697,all,dropout_vs_all_other,semester1,logistic,c13_selected,targeted_gender_special_needs,c14b__uci697__all__dropout_vs_all_other__semester1__targeted_gender_special_needs__logistic__minus__uci697__all__dropout_vs_all_other__semester1__full__logistic,c14b|uci697|all|dropout_vs_all_other|logistic|c13_selected|targeted_gender_special_needs,sensitivity,2000,2,c14b|uci697|all|dropout_vs_all_other|semester1|logistic|c13_selected,uci697|all|dropout_vs_all_other|semester1,draws/task_557b913bf90f4b861575.npz,c003,b0301e3e73fac09198f749b92b0a732349ac6acd8d4cd81e9dcaffbec98ceac6,row,4424,4424,c1825a1f354219ad6ad6e69c945210b47d8b91be27bd4b21fe5a81f089c30054
C14B_frozen,uci697,all,dropout_vs_graduate,enrollment,histgb,c13_selected,legacy_operational,c14b__uci697__all__dropout_vs_graduate__enrollment__legacy_operational__histgb__minus__uci697__all__dropout_vs_graduate__enrollment__full__histgb,c14b|uci697|all|dropout_vs_graduate|histgb|c13_selected|legacy_operational,primary,5000,2,c14b|uci697|all|dropout_vs_graduate|enrollment|histgb|c13_selected,uci697|all|dropout_vs_graduate|enrollment,draws/task_9226774e375e27c17f05.npz,c000,6a4a9dba74e6982e29f69089c386f6fa41d97c3ec6400addcee5edde11c0535c,row,3630,3630,5c938eb5acfc9a9b5dba45b319c16256463f9ac8a8b5421cc904284e923ac5a8
C14B_frozen,uci697,all,dropout_vs_graduate,enrollment,logistic,c13_selected,legacy_operational,c14b__uci697__all__dropout_vs_graduate__enrollment__legacy_operational__logistic__minus__uci697__all__dropout_vs_graduate__enrollment__full__logistic,c14b|uci697|all|dropout_vs_graduate|logistic|c13_selected|legacy_operational,sensitivity,2000,2,c14b|uci697|all|dropout_vs_graduate|enrollment|logistic|c13_selected,uci697|all|dropout_vs_graduate|enrollment,draws/task_96d12470378d13fe2a21.npz,c000,c4483f1f664bd1144fce6a9fc6d1b7e2615a1aee3a50920e8c14cdf93b8a29aa,row,3630,3630,5c938eb5acfc9a9b5dba45b319c16256463f9ac8a8b5421cc904284e923ac5a8
C14B_frozen,uci697,all,dropout_vs_graduate,semester1,histgb,c13_selected,legacy_operational,c14b__uci697__all__dropout_vs_graduate__semester1__legacy_operational__histgb__minus__uci697__all__dropout_vs_graduate__semester1__full__histgb,c14b|uci697|all|dropout_vs_graduate|histgb|c13_selected|legacy_operational,primary,5000,2,c14b|uci697|all|dropout_vs_graduate|semester1|histgb|c13_selected,uci697|all|dropout_vs_graduate|semester1,draws/task_e0f0f655047d46f08c47.npz,c000,6894b95391e3403ccb8455c7cac962d1ebf38b8eb12393377ebb4b2a2b59f9eb,row,3630,3630,c7c05840090efb54df6a9a134a7913df192afcf13701ba4020d123c47437211a
C14B_frozen,uci697,all,dropout_vs_graduate,semester1,logistic,c13_selected,legacy_operational,c14b__uci697__all__dropout_vs_graduate__semester1__legacy_operational__logistic__minus__uci697__all__dropout_vs_graduate__semester1__full__logistic,c14b|uci697|all|dropout_vs_graduate|logistic|c13_selected|legacy_operational,sensitivity,2000,2,c14b|uci697|all|dropout_vs_graduate|semester1|logistic|c13_selected,uci697|all|dropout_vs_graduate|semester1,draws/task_44d2ec9c39e57dd8145b.npz,c000,32968fae87728ed6a06e591c72e9e901f61532b9a3b783ca90e8375980a32c80,row,3630,3630,c7c05840090efb54df6a9a134a7913df192afcf13701ba4020d123c47437211a
C14B_frozen,uci697,all,dropout_vs_graduate,enrollment,histgb,c13_selected,loo__age_at_enrollment,c14b__uci697__all__dropout_vs_graduate__enrollment__loo__age_at_enrollment__histgb__minus__uci697__all__dropout_vs_graduate__enrollment__full__histgb,c14b|uci697|all|dropout_vs_graduate|histgb|c13_selected|loo__age_at_enrollment,sensitivity,2000,2,c14b|uci697|all|dropout_vs_graduate|enrollment|histgb|c13_selected,uci697|all|dropout_vs_graduate|enrollment,draws/task_9226774e375e27c17f05.npz,c001,6a4a9dba74e6982e29f69089c386f6fa41d97c3ec6400addcee5edde11c0535c,row,3630,3630,5c938eb5acfc9a9b5dba45b319c16256463f9ac8a8b5421cc904284e923ac5a8
C14B_frozen,uci697,all,dropout_vs_graduate,semester1,histgb,c13_selected,loo__age_at_enrollment,c14b__uci697__all__dropout_vs_graduate__semester1__loo__age_at_enrollment__histgb__minus__uci697__all__dropout_vs_graduate__semester1__full__histgb,c14b|uci697|all|dropout_vs_graduate|histgb|c13_selected|loo__age_at_enrollment,sensitivity,2000,2,c14b|uci697|all|dropout_vs_graduate|semester1|histgb|c13_selected,uci697|all|dropout_vs_graduate|semester1,draws/task_e0f0f655047d46f08c47.npz,c001,6894b95391e3403ccb8455c7cac962d1ebf38b8eb12393377ebb4b2a2b59f9eb,row,3630,3630,c7c05840090efb54df6a9a134a7913df192afcf13701ba4020d123c47437211a
C14B_frozen,uci697,all,dropout_vs_graduate,enrollment,histgb,c13_selected,loo__displaced,c14b__uci697__all__dropout_vs_graduate__enrollment__loo__displaced__histgb__minus__uci697__all__dropout_vs_graduate__enrollment__full__histgb,c14b|uci697|all|dropout_vs_graduate|histgb|c13_selected|loo__displaced,sensitivity,2000,2,c14b|uci697|all|dropout_vs_graduate|enrollment|histgb|c13_selected,uci697|all|dropout_vs_graduate|enrollment,draws/task_9226774e375e27c17f05.npz,c002,6a4a9dba74e6982e29f69089c386f6fa41d97c3ec6400addcee5edde11c0535c,row,3630,3630,5c938eb5acfc9a9b5dba45b319c16256463f9ac8a8b5421cc904284e923ac5a8
C14B_frozen,uci697,all,dropout_vs_graduate,semester1,histgb,c13_selected,loo__displaced,c14b__uci697__all__dropout_vs_graduate__semester1__loo__displaced__histgb__minus__uci697__all__dropout_vs_graduate__semester1__full__histgb,c14b|uci697|all|dropout_vs_graduate|histgb|c13_selected|loo__displaced,sensitivity,2000,2,c14b|uci697|all|dropout_vs_graduate|semester1|histgb|c13_selected,uci697|all|dropout_vs_graduate|semester1,draws/task_e0f0f655047d46f08c47.npz,c002,6894b95391e3403ccb8455c7cac962d1ebf38b8eb12393377ebb4b2a2b59f9eb,row,3630,3630,c7c05840090efb54df6a9a134a7913df192afcf13701ba4020d123c47437211a
C14B_frozen,uci697,all,dropout_vs_graduate,enrollment,histgb,c13_selected,loo__educational_special_needs,c14b__uci697__all__dropout_vs_graduate__enrollment__loo__educational_special_needs__histgb__minus__uci697__all__dropout_vs_graduate__enrollment__full__histgb,c14b|uci697|all|dropout_vs_graduate|histgb|c13_selected|loo__educational_special_needs,sensitivity,2000,2,c14b|uci697|all|dropout_vs_graduate|enrollment|histgb|c13_selected,uci697|all|dropout_vs_graduate|enrollment,draws/task_9226774e375e27c17f05.npz,c003,6a4a9dba74e6982e29f69089c386f6fa41d97c3ec6400addcee5edde11c0535c,row,3630,3630,5c938eb5acfc9a9b5dba45b319c16256463f9ac8a8b5421cc904284e923ac5a8
C14B_frozen,uci697,all,dropout_vs_graduate,semester1,histgb,c13_selected,loo__educational_special_needs,c14b__uci697__all__dropout_vs_graduate__semester1__loo__educational_special_needs__histgb__minus__uci697__all__dropout_vs_graduate__semester1__full__histgb,c14b|uci697|all|dropout_vs_graduate|histgb|c13_selected|loo__educational_special_needs,sensitivity,2000,2,c14b|uci697|all|dropout_vs_graduate|semester1|histgb|c13_selected,uci697|all|dropout_vs_graduate|semester1,draws/task_e0f0f655047d46f08c47.npz,c003,6894b95391e3403ccb8455c7cac962d1ebf38b8eb12393377ebb4b2a2b59f9eb,row,3630,3630,c7c05840090efb54df6a9a134a7913df192afcf13701ba4020d123c47437211a
C14B_frozen,uci697,all,dropout_vs_graduate,enrollment,histgb,c13_selected,loo__gender,c14b__uci697__all__dropout_vs_graduate__enrollment__loo__gender__histgb__minus__uci697__all__dropout_vs_graduate__enrollment__full__histgb,c14b|uci697|all|dropout_vs_graduate|histgb|c13_selected|loo__gender,sensitivity,2000,2,c14b|uci697|all|dropout_vs_graduate|enrollment|histgb|c13_selected,uci697|all|dropout_vs_graduate|enrollment,draws/task_9226774e375e27c17f05.npz,c004,6a4a9dba74e6982e29f69089c386f6fa41d97c3ec6400addcee5edde11c0535c,row,3630,3630,5c938eb5acfc9a9b5dba45b319c16256463f9ac8a8b5421cc904284e923ac5a8
C14B_frozen,uci697,all,dropout_vs_graduate,semester1,histgb,c13_selected,loo__gender,c14b__uci697__all__dropout_vs_graduate__semester1__loo__gender__histgb__minus__uci697__all__dropout_vs_graduate__semester1__full__histgb,c14b|uci697|all|dropout_vs_graduate|histgb|c13_selected|loo__gender,sensitivity,2000,2,c14b|uci697|all|dropout_vs_graduate|semester1|histgb|c13_selected,uci697|all|dropout_vs_graduate|semester1,draws/task_e0f0f655047d46f08c47.npz,c004,6894b95391e3403ccb8455c7cac962d1ebf38b8eb12393377ebb4b2a2b59f9eb,row,3630,3630,c7c05840090efb54df6a9a134a7913df192afcf13701ba4020d123c47437211a
C14B_frozen,uci697,all,dropout_vs_graduate,enrollment,histgb,c13_selected,loo__international,c14b__uci697__all__dropout_vs_graduate__enrollment__loo__international__histgb__minus__uci697__all__dropout_vs_graduate__enrollment__full__histgb,c14b|uci697|all|dropout_vs_graduate|histgb|c13_selected|loo__international,sensitivity,2000,2,c14b|uci697|all|dropout_vs_graduate|enrollment|histgb|c13_selected,uci697|all|dropout_vs_graduate|enrollment,draws/task_9226774e375e27c17f05.npz,c005,6a4a9dba74e6982e29f69089c386f6fa41d97c3ec6400addcee5edde11c0535c,row,3630,3630,5c938eb5acfc9a9b5dba45b319c16256463f9ac8a8b5421cc904284e923ac5a8
C14B_frozen,uci697,all,dropout_vs_graduate,semester1,histgb,c13_selected,loo__international,c14b__uci697__all__dropout_vs_graduate__semester1__loo__international__histgb__minus__uci697__all__dropout_vs_graduate__semester1__full__histgb,c14b|uci697|all|dropout_vs_graduate|histgb|c13_selected|loo__international,sensitivity,2000,2,c14b|uci697|all|dropout_vs_graduate|semester1|histgb|c13_selected,uci697|all|dropout_vs_graduate|semester1,draws/task_e0f0f655047d46f08c47.npz,c005,6894b95391e3403ccb8455c7cac962d1ebf38b8eb12393377ebb4b2a2b59f9eb,row,3630,3630,c7c05840090efb54df6a9a134a7913df192afcf13701ba4020d123c47437211a
C14B_frozen,uci697,all,dropout_vs_graduate,enrollment,histgb,c13_selected,loo__marital_status,c14b__uci697__all__dropout_vs_graduate__enrollment__loo__marital_status__histgb__minus__uci697__all__dropout_vs_graduate__enrollment__full__histgb,c14b|uci697|all|dropout_vs_graduate|histgb|c13_selected|loo__marital_status,sensitivity,2000,2,c14b|uci697|all|dropout_vs_graduate|enrollment|histgb|c13_selected,uci697|all|dropout_vs_graduate|enrollment,draws/task_9226774e375e27c17f05.npz,c006,6a4a9dba74e6982e29f69089c386f6fa41d97c3ec6400addcee5edde11c0535c,row,3630,3630,5c938eb5acfc9a9b5dba45b319c16256463f9ac8a8b5421cc904284e923ac5a8
C14B_frozen,uci697,all,dropout_vs_graduate,semester1,histgb,c13_selected,loo__marital_status,c14b__uci697__all__dropout_vs_graduate__semester1__loo__marital_status__histgb__minus__uci697__all__dropout_vs_graduate__semester1__full__histgb,c14b|uci697|all|dropout_vs_graduate|histgb|c13_selected|loo__marital_status,sensitivity,2000,2,c14b|uci697|all|dropout_vs_graduate|semester1|histgb|c13_selected,uci697|all|dropout_vs_graduate|semester1,draws/task_e0f0f655047d46f08c47.npz,c006,6894b95391e3403ccb8455c7cac962d1ebf38b8eb12393377ebb4b2a2b59f9eb,row,3630,3630,c7c05840090efb54df6a9a134a7913df192afcf13701ba4020d123c47437211a
C14B_frozen,uci697,all,dropout_vs_graduate,enrollment,histgb,c13_selected,loo__nacionality,c14b__uci697__all__dropout_vs_graduate__enrollment__loo__nacionality__histgb__minus__uci697__all__dropout_vs_graduate__enrollment__full__histgb,c14b|uci697|all|dropout_vs_graduate|histgb|c13_selected|loo__nacionality,sensitivity,2000,2,c14b|uci697|all|dropout_vs_graduate|enrollment|histgb|c13_selected,uci697|all|dropout_vs_graduate|enrollment,draws/task_9226774e375e27c17f05.npz,c007,6a4a9dba74e6982e29f69089c386f6fa41d97c3ec6400addcee5edde11c0535c,row,3630,3630,5c938eb5acfc9a9b5dba45b319c16256463f9ac8a8b5421cc904284e923ac5a8
C14B_frozen,uci697,all,dropout_vs_graduate,semester1,histgb,c13_selected,loo__nacionality,c14b__uci697__all__dropout_vs_graduate__semester1__loo__nacionality__histgb__minus__uci697__all__dropout_vs_graduate__semester1__full__histgb,c14b|uci697|all|dropout_vs_graduate|histgb|c13_selected|loo__nacionality,sensitivity,2000,2,c14b|uci697|all|dropout_vs_graduate|semester1|histgb|c13_selected,uci697|all|dropout_vs_graduate|semester1,draws/task_e0f0f655047d46f08c47.npz,c007,6894b95391e3403ccb8455c7cac962d1ebf38b8eb12393377ebb4b2a2b59f9eb,row,3630,3630,c7c05840090efb54df6a9a134a7913df192afcf13701ba4020d123c47437211a
C14B_frozen,uci697,all,dropout_vs_graduate,enrollment,histgb,c13_selected,no_direct_personal,c14b__uci697__all__dropout_vs_graduate__enrollment__no_direct_personal__histgb__minus__uci697__all__dropout_vs_graduate__enrollment__full__histgb,c14b|uci697|all|dropout_vs_graduate|histgb|c13_selected|no_direct_personal,primary,5000,2,c14b|uci697|all|dropout_vs_graduate|enrollment|histgb|c13_selected,uci697|all|dropout_vs_graduate|enrollment,draws/task_9226774e375e27c17f05.npz,c008,6a4a9dba74e6982e29f69089c386f6fa41d97c3ec6400addcee5edde11c0535c,row,3630,3630,5c938eb5acfc9a9b5dba45b319c16256463f9ac8a8b5421cc904284e923ac5a8
C14B_frozen,uci697,all,dropout_vs_graduate,enrollment,logistic,c13_selected,no_direct_personal,c14b__uci697__all__dropout_vs_graduate__enrollment__no_direct_personal__logistic__minus__uci697__all__dropout_vs_graduate__enrollment__full__logistic,c14b|uci697|all|dropout_vs_graduate|logistic|c13_selected|no_direct_personal,sensitivity,2000,2,c14b|uci697|all|dropout_vs_graduate|enrollment|logistic|c13_selected,uci697|all|dropout_vs_graduate|enrollment,draws/task_96d12470378d13fe2a21.npz,c001,c4483f1f664bd1144fce6a9fc6d1b7e2615a1aee3a50920e8c14cdf93b8a29aa,row,3630,3630,5c938eb5acfc9a9b5dba45b319c16256463f9ac8a8b5421cc904284e923ac5a8
C14B_frozen,uci697,all,dropout_vs_graduate,semester1,histgb,c13_selected,no_direct_personal,c14b__uci697__all__dropout_vs_graduate__semester1__no_direct_personal__histgb__minus__uci697__all__dropout_vs_graduate__semester1__full__histgb,c14b|uci697|all|dropout_vs_graduate|histgb|c13_selected|no_direct_personal,primary,5000,2,c14b|uci697|all|dropout_vs_graduate|semester1|histgb|c13_selected,uci697|all|dropout_vs_graduate|semester1,draws/task_e0f0f655047d46f08c47.npz,c008,6894b95391e3403ccb8455c7cac962d1ebf38b8eb12393377ebb4b2a2b59f9eb,row,3630,3630,c7c05840090efb54df6a9a134a7913df192afcf13701ba4020d123c47437211a
C14B_frozen,uci697,all,dropout_vs_graduate,semester1,logistic,c13_selected,no_direct_personal,c14b__uci697__all__dropout_vs_graduate__semester1__no_direct_personal__logistic__minus__uci697__all__dropout_vs_graduate__semester1__full__logistic,c14b|uci697|all|dropout_vs_graduate|logistic|c13_selected|no_direct_personal,sensitivity,2000,2,c14b|uci697|all|dropout_vs_graduate|semester1|logistic|c13_selected,uci697|all|dropout_vs_graduate|semester1,draws/task_44d2ec9c39e57dd8145b.npz,c001,32968fae87728ed6a06e591c72e9e901f61532b9a3b783ca90e8375980a32c80,row,3630,3630,c7c05840090efb54df6a9a134a7913df192afcf13701ba4020d123c47437211a
C14B_frozen,uci697,all,dropout_vs_graduate,enrollment,histgb,c13_selected,no_family_financial,c14b__uci697__all__dropout_vs_graduate__enrollment__no_family_financial__histgb__minus__uci697__all__dropout_vs_graduate__enrollment__full__histgb,c14b|uci697|all|dropout_vs_graduate|histgb|c13_selected|no_family_financial,primary,5000,2,c14b|uci697|all|dropout_vs_graduate|enrollment|histgb|c13_selected,uci697|all|dropout_vs_graduate|enrollment,draws/task_9226774e375e27c17f05.npz,c009,6a4a9dba74e6982e29f69089c386f6fa41d97c3ec6400addcee5edde11c0535c,row,3630,3630,5c938eb5acfc9a9b5dba45b319c16256463f9ac8a8b5421cc904284e923ac5a8
C14B_frozen,uci697,all,dropout_vs_graduate,enrollment,logistic,c13_selected,no_family_financial,c14b__uci697__all__dropout_vs_graduate__enrollment__no_family_financial__logistic__minus__uci697__all__dropout_vs_graduate__enrollment__full__logistic,c14b|uci697|all|dropout_vs_graduate|logistic|c13_selected|no_family_financial,sensitivity,2000,2,c14b|uci697|all|dropout_vs_graduate|enrollment|logistic|c13_selected,uci697|all|dropout_vs_graduate|enrollment,draws/task_96d12470378d13fe2a21.npz,c002,c4483f1f664bd1144fce6a9fc6d1b7e2615a1aee3a50920e8c14cdf93b8a29aa,row,3630,3630,5c938eb5acfc9a9b5dba45b319c16256463f9ac8a8b5421cc904284e923ac5a8
C14B_frozen,uci697,all,dropout_vs_graduate,semester1,histgb,c13_selected,no_family_financial,c14b__uci697__all__dropout_vs_graduate__semester1__no_family_financial__histgb__minus__uci697__all__dropout_vs_graduate__semester1__full__histgb,c14b|uci697|all|dropout_vs_graduate|histgb|c13_selected|no_family_financial,primary,5000,2,c14b|uci697|all|dropout_vs_graduate|semester1|histgb|c13_selected,uci697|all|dropout_vs_graduate|semester1,draws/task_e0f0f655047d46f08c47.npz,c009,6894b95391e3403ccb8455c7cac962d1ebf38b8eb12393377ebb4b2a2b59f9eb,row,3630,3630,c7c05840090efb54df6a9a134a7913df192afcf13701ba4020d123c47437211a
C14B_frozen,uci697,all,dropout_vs_graduate,semester1,logistic,c13_selected,no_family_financial,c14b__uci697__all__dropout_vs_graduate__semester1__no_family_financial__logistic__minus__uci697__all__dropout_vs_graduate__semester1__full__logistic,c14b|uci697|all|dropout_vs_graduate|logistic|c13_selected|no_family_financial,sensitivity,2000,2,c14b|uci697|all|dropout_vs_graduate|semester1|logistic|c13_selected,uci697|all|dropout_vs_graduate|semester1,draws/task_44d2ec9c39e57dd8145b.npz,c002,32968fae87728ed6a06e591c72e9e901f61532b9a3b783ca90e8375980a32c80,row,3630,3630,c7c05840090efb54df6a9a134a7913df192afcf13701ba4020d123c47437211a
C14B_frozen,uci697,all,dropout_vs_graduate,enrollment,histgb,c13_selected,targeted_gender_special_needs,c14b__uci697__all__dropout_vs_graduate__enrollment__targeted_gender_special_needs__histgb__minus__uci697__all__dropout_vs_graduate__enrollment__full__histgb,c14b|uci697|all|dropout_vs_graduate|histgb|c13_selected|targeted_gender_special_needs,primary,5000,2,c14b|uci697|all|dropout_vs_graduate|enrollment|histgb|c13_selected,uci697|all|dropout_vs_graduate|enrollment,draws/task_9226774e375e27c17f05.npz,c010,6a4a9dba74e6982e29f69089c386f6fa41d97c3ec6400addcee5edde11c0535c,row,3630,3630,5c938eb5acfc9a9b5dba45b319c16256463f9ac8a8b5421cc904284e923ac5a8
C14B_frozen,uci697,all,dropout_vs_graduate,enrollment,logistic,c13_selected,targeted_gender_special_needs,c14b__uci697__all__dropout_vs_graduate__enrollment__targeted_gender_special_needs__logistic__minus__uci697__all__dropout_vs_graduate__enrollment__full__logistic,c14b|uci697|all|dropout_vs_graduate|logistic|c13_selected|targeted_gender_special_needs,sensitivity,2000,2,c14b|uci697|all|dropout_vs_graduate|enrollment|logistic|c13_selected,uci697|all|dropout_vs_graduate|enrollment,draws/task_96d12470378d13fe2a21.npz,c003,c4483f1f664bd1144fce6a9fc6d1b7e2615a1aee3a50920e8c14cdf93b8a29aa,row,3630,3630,5c938eb5acfc9a9b5dba45b319c16256463f9ac8a8b5421cc904284e923ac5a8
C14B_frozen,uci697,all,dropout_vs_graduate,semester1,histgb,c13_selected,targeted_gender_special_needs,c14b__uci697__all__dropout_vs_graduate__semester1__targeted_gender_special_needs__histgb__minus__uci697__all__dropout_vs_graduate__semester1__full__histgb,c14b|uci697|all|dropout_vs_graduate|histgb|c13_selected|targeted_gender_special_needs,primary,5000,2,c14b|uci697|all|dropout_vs_graduate|semester1|histgb|c13_selected,uci697|all|dropout_vs_graduate|semester1,draws/task_e0f0f655047d46f08c47.npz,c010,6894b95391e3403ccb8455c7cac962d1ebf38b8eb12393377ebb4b2a2b59f9eb,row,3630,3630,c7c05840090efb54df6a9a134a7913df192afcf13701ba4020d123c47437211a
C14B_frozen,uci697,all,dropout_vs_graduate,semester1,logistic,c13_selected,targeted_gender_special_needs,c14b__uci697__all__dropout_vs_graduate__semester1__targeted_gender_special_needs__logistic__minus__uci697__all__dropout_vs_graduate__semester1__full__logistic,c14b|uci697|all|dropout_vs_graduate|logistic|c13_selected|targeted_gender_special_needs,sensitivity,2000,2,c14b|uci697|all|dropout_vs_graduate|semester1|logistic|c13_selected,uci697|all|dropout_vs_graduate|semester1,draws/task_44d2ec9c39e57dd8145b.npz,c003,32968fae87728ed6a06e591c72e9e901f61532b9a3b783ca90e8375980a32c80,row,3630,3630,c7c05840090efb54df6a9a134a7913df192afcf13701ba4020d123c47437211a
C14D_harmonized,oulad,all,withdrawal_or_fail,day14,histgb,c14d_selected,sex_gender,c14d__oulad__all__withdrawal_or_fail__day14__sex_gender,c14d|oulad|all|withdrawal_or_fail|sex_gender,primary,5000,6,c14d|oulad|all|withdrawal_or_fail|day14,oulad|all|withdrawal_or_fail|day14,draws/task_307e8a99ea89492c7fe0.npz,c000,f6277138c62fe68e87a47d59db5cd62c1f8dd0da7debc3f4fa6c0118010505dd,id_student_cluster,8967,9331,5236f71cb0307ebcb2925b7dd1aa54c0d26a86e573a7dca028a0772c014cccc3
C14D_harmonized,oulad,all,withdrawal_or_fail,day28,histgb,c14d_selected,sex_gender,c14d__oulad__all__withdrawal_or_fail__day28__sex_gender,c14d|oulad|all|withdrawal_or_fail|sex_gender,primary,5000,6,c14d|oulad|all|withdrawal_or_fail|day28,oulad|all|withdrawal_or_fail|day28,draws/task_5f62fe19e4c1dbb58101.npz,c000,0db279e0ebad0d8290a997670a3c37923264e5b129eca4ef0c5a5805b48d57c7,id_student_cluster,8862,9211,c556258a7d92b44862c2da223f7c062d4c45f17d2eb7a828a62b8a1dc380e583
C14D_harmonized,oulad,all,withdrawal_or_fail,day42,histgb,c14d_selected,sex_gender,c14d__oulad__all__withdrawal_or_fail__day42__sex_gender,c14d|oulad|all|withdrawal_or_fail|sex_gender,primary,5000,6,c14d|oulad|all|withdrawal_or_fail|day42,oulad|all|withdrawal_or_fail|day42,draws/task_b0fab67fd7bac1d35e34.npz,c000,05f3469684e5e06259764c125ae8fd294027d3637c7d14150eb85226309c94fe,id_student_cluster,8714,9040,9114c19d7cd1bb2498bab9fe18a32e2ff288998c2028f0d6db3b1d96b7963906
C14D_harmonized,oulad,all,withdrawal_or_fail,day56,histgb,c14d_selected,sex_gender,c14d__oulad__all__withdrawal_or_fail__day56__sex_gender,c14d|oulad|all|withdrawal_or_fail|sex_gender,primary,5000,6,c14d|oulad|all|withdrawal_or_fail|day56,oulad|all|withdrawal_or_fail|day56,draws/task_992c77f47dc8531fa0b2.npz,c000,a987285596e30ab9981558d81dc8ce602c06b933bfa7032aa15d8a1281806f4b,id_student_cluster,8560,8877,4d6a6bf6b83ca20747cc818a081c85096e2255666711a9d038c6b6b1e753647d
C14D_harmonized,oulad,all,withdrawal_or_fail,day70,histgb,c14d_selected,sex_gender,c14d__oulad__all__withdrawal_or_fail__day70__sex_gender,c14d|oulad|all|withdrawal_or_fail|sex_gender,primary,5000,6,c14d|oulad|all|withdrawal_or_fail|day70,oulad|all|withdrawal_or_fail|day70,draws/task_700023e2f5e0cefac9ef.npz,c000,d5f583eba0fb46479cdde4efb1ffdb697064cb2cf916326ea5ddd4428a075435,id_student_cluster,8392,8694,511cba24e636e52ea556bdb30accd07d371ce70339c2ce511c854bbf8ed21f6b
C14D_harmonized,oulad,all,withdrawal_or_fail,day90,histgb,c14d_selected,sex_gender,c14d__oulad__all__withdrawal_or_fail__day90__sex_gender,c14d|oulad|all|withdrawal_or_fail|sex_gender,primary,5000,6,c14d|oulad|all|withdrawal_or_fail|day90,oulad|all|withdrawal_or_fail|day90,draws/task_ac0ee99c5481f46e9dbd.npz,c000,131ee717857f2d7ad9100ef92d7ebec7ec9a4ea49866ce8d6a3ad549c8ed3e11,id_student_cluster,8241,8532,5202f73508156b2af27e42553b637df04970b320db30753d14e59fdb1a3ff476
C14D_harmonized,oulad,all,withdrawal_or_fail,day14,histgb,c14d_selected,socioeconomic_family,c14d__oulad__all__withdrawal_or_fail__day14__socioeconomic_family,c14d|oulad|all|withdrawal_or_fail|socioeconomic_family,primary,5000,6,c14d|oulad|all|withdrawal_or_fail|day14,oulad|all|withdrawal_or_fail|day14,draws/task_307e8a99ea89492c7fe0.npz,c001,f6277138c62fe68e87a47d59db5cd62c1f8dd0da7debc3f4fa6c0118010505dd,id_student_cluster,8967,9331,5236f71cb0307ebcb2925b7dd1aa54c0d26a86e573a7dca028a0772c014cccc3
C14D_harmonized,oulad,all,withdrawal_or_fail,day28,histgb,c14d_selected,socioeconomic_family,c14d__oulad__all__withdrawal_or_fail__day28__socioeconomic_family,c14d|oulad|all|withdrawal_or_fail|socioeconomic_family,primary,5000,6,c14d|oulad|all|withdrawal_or_fail|day28,oulad|all|withdrawal_or_fail|day28,draws/task_5f62fe19e4c1dbb58101.npz,c001,0db279e0ebad0d8290a997670a3c37923264e5b129eca4ef0c5a5805b48d57c7,id_student_cluster,8862,9211,c556258a7d92b44862c2da223f7c062d4c45f17d2eb7a828a62b8a1dc380e583
C14D_harmonized,oulad,all,withdrawal_or_fail,day42,histgb,c14d_selected,socioeconomic_family,c14d__oulad__all__withdrawal_or_fail__day42__socioeconomic_family,c14d|oulad|all|withdrawal_or_fail|socioeconomic_family,primary,5000,6,c14d|oulad|all|withdrawal_or_fail|day42,oulad|all|withdrawal_or_fail|day42,draws/task_b0fab67fd7bac1d35e34.npz,c001,05f3469684e5e06259764c125ae8fd294027d3637c7d14150eb85226309c94fe,id_student_cluster,8714,9040,9114c19d7cd1bb2498bab9fe18a32e2ff288998c2028f0d6db3b1d96b7963906
C14D_harmonized,oulad,all,withdrawal_or_fail,day56,histgb,c14d_selected,socioeconomic_family,c14d__oulad__all__withdrawal_or_fail__day56__socioeconomic_family,c14d|oulad|all|withdrawal_or_fail|socioeconomic_family,primary,5000,6,c14d|oulad|all|withdrawal_or_fail|day56,oulad|all|withdrawal_or_fail|day56,draws/task_992c77f47dc8531fa0b2.npz,c001,a987285596e30ab9981558d81dc8ce602c06b933bfa7032aa15d8a1281806f4b,id_student_cluster,8560,8877,4d6a6bf6b83ca20747cc818a081c85096e2255666711a9d038c6b6b1e753647d
C14D_harmonized,oulad,all,withdrawal_or_fail,day70,histgb,c14d_selected,socioeconomic_family,c14d__oulad__all__withdrawal_or_fail__day70__socioeconomic_family,c14d|oulad|all|withdrawal_or_fail|socioeconomic_family,primary,5000,6,c14d|oulad|all|withdrawal_or_fail|day70,oulad|all|withdrawal_or_fail|day70,draws/task_700023e2f5e0cefac9ef.npz,c001,d5f583eba0fb46479cdde4efb1ffdb697064cb2cf916326ea5ddd4428a075435,id_student_cluster,8392,8694,511cba24e636e52ea556bdb30accd07d371ce70339c2ce511c854bbf8ed21f6b
C14D_harmonized,oulad,all,withdrawal_or_fail,day90,histgb,c14d_selected,socioeconomic_family,c14d__oulad__all__withdrawal_or_fail__day90__socioeconomic_family,c14d|oulad|all|withdrawal_or_fail|socioeconomic_family,primary,5000,6,c14d|oulad|all|withdrawal_or_fail|day90,oulad|all|withdrawal_or_fail|day90,draws/task_ac0ee99c5481f46e9dbd.npz,c001,131ee717857f2d7ad9100ef92d7ebec7ec9a4ea49866ce8d6a3ad549c8ed3e11,id_student_cluster,8241,8532,5202f73508156b2af27e42553b637df04970b320db30753d14e59fdb1a3ff476
C14D_harmonized,uci320,mathematics,fail_g3_lt_10,baseline,histgb,c14d_selected,sex_gender,c14d__uci320__mathematics__fail_g3_lt_10__baseline__sex_gender,c14d|uci320|mathematics|fail_g3_lt_10|sex_gender,primary,5000,3,c14d|uci320|mathematics|fail_g3_lt_10|baseline,uci320|mathematics|fail_g3_lt_10|baseline,draws/task_c42e9d3f314fe3816b2e.npz,c000,2b79d0d6776b6499b281885c1048241641421b51d84a4be674b7025a3425f0d8,row,395,395,439f189005536515e97da7cffb00e7734c3f3e77148bbdd835b793698631d8b5
C14D_harmonized,uci320,mathematics,fail_g3_lt_10,period1,histgb,c14d_selected,sex_gender,c14d__uci320__mathematics__fail_g3_lt_10__period1__sex_gender,c14d|uci320|mathematics|fail_g3_lt_10|sex_gender,primary,5000,3,c14d|uci320|mathematics|fail_g3_lt_10|period1,uci320|mathematics|fail_g3_lt_10|period1,draws/task_84efd43e228c95b6d4c0.npz,c000,f808556fa6682df96768faa29d6f5b590639bd53d838e8b0e507bef4e1cb85e0,row,395,395,b4f51b2eea5b3de81efd5b69d551b5c76562cd0bf22266557640f350b30520a4
C14D_harmonized,uci320,mathematics,fail_g3_lt_10,period2,histgb,c14d_selected,sex_gender,c14d__uci320__mathematics__fail_g3_lt_10__period2__sex_gender,c14d|uci320|mathematics|fail_g3_lt_10|sex_gender,primary,5000,3,c14d|uci320|mathematics|fail_g3_lt_10|period2,uci320|mathematics|fail_g3_lt_10|period2,draws/task_c077bbf7baf5b065351d.npz,c000,e320064a89429e9a2f34103d8811cab421b864e989fcf19bd66c729cb3927dd7,row,395,395,cb4f566f702f61356304166b1d56f5b75e32b5df76b05400da04153caeb89a02
C14D_harmonized,uci320,mathematics,fail_g3_lt_10,baseline,histgb,c14d_selected,socioeconomic_family,c14d__uci320__mathematics__fail_g3_lt_10__baseline__socioeconomic_family,c14d|uci320|mathematics|fail_g3_lt_10|socioeconomic_family,primary,5000,3,c14d|uci320|mathematics|fail_g3_lt_10|baseline,uci320|mathematics|fail_g3_lt_10|baseline,draws/task_c42e9d3f314fe3816b2e.npz,c001,2b79d0d6776b6499b281885c1048241641421b51d84a4be674b7025a3425f0d8,row,395,395,439f189005536515e97da7cffb00e7734c3f3e77148bbdd835b793698631d8b5
C14D_harmonized,uci320,mathematics,fail_g3_lt_10,period1,histgb,c14d_selected,socioeconomic_family,c14d__uci320__mathematics__fail_g3_lt_10__period1__socioeconomic_family,c14d|uci320|mathematics|fail_g3_lt_10|socioeconomic_family,primary,5000,3,c14d|uci320|mathematics|fail_g3_lt_10|period1,uci320|mathematics|fail_g3_lt_10|period1,draws/task_84efd43e228c95b6d4c0.npz,c001,f808556fa6682df96768faa29d6f5b590639bd53d838e8b0e507bef4e1cb85e0,row,395,395,b4f51b2eea5b3de81efd5b69d551b5c76562cd0bf22266557640f350b30520a4
C14D_harmonized,uci320,mathematics,fail_g3_lt_10,period2,histgb,c14d_selected,socioeconomic_family,c14d__uci320__mathematics__fail_g3_lt_10__period2__socioeconomic_family,c14d|uci320|mathematics|fail_g3_lt_10|socioeconomic_family,primary,5000,3,c14d|uci320|mathematics|fail_g3_lt_10|period2,uci320|mathematics|fail_g3_lt_10|period2,draws/task_c077bbf7baf5b065351d.npz,c001,e320064a89429e9a2f34103d8811cab421b864e989fcf19bd66c729cb3927dd7,row,395,395,cb4f566f702f61356304166b1d56f5b75e32b5df76b05400da04153caeb89a02
C14D_harmonized,uci320,portuguese,fail_g3_lt_10,baseline,histgb,c14d_selected,sex_gender,c14d__uci320__portuguese__fail_g3_lt_10__baseline__sex_gender,c14d|uci320|portuguese|fail_g3_lt_10|sex_gender,primary,5000,3,c14d|uci320|portuguese|fail_g3_lt_10|baseline,uci320|portuguese|fail_g3_lt_10|baseline,draws/task_0e4cde78a908a4a53cf8.npz,c000,b1d9b822b0c28e3c3afa9a1d0c17a51aae325dee8a07631136fb9c624cb9eac1,row,649,649,72e362edeb01c7e99523830fde04157aa87888ab2d6feab285ee199b76a385e9
C14D_harmonized,uci320,portuguese,fail_g3_lt_10,period1,histgb,c14d_selected,sex_gender,c14d__uci320__portuguese__fail_g3_lt_10__period1__sex_gender,c14d|uci320|portuguese|fail_g3_lt_10|sex_gender,primary,5000,3,c14d|uci320|portuguese|fail_g3_lt_10|period1,uci320|portuguese|fail_g3_lt_10|period1,draws/task_8a43db396b3e054b22d0.npz,c000,8b2f380ffc11e7c89f9964d2adb831076ee5022371e533247376407a9450674c,row,649,649,952fc21d2dfc8c4b5bc2e97b23cbdb78b85684ea05fbf806b2a302b513cae741
C14D_harmonized,uci320,portuguese,fail_g3_lt_10,period2,histgb,c14d_selected,sex_gender,c14d__uci320__portuguese__fail_g3_lt_10__period2__sex_gender,c14d|uci320|portuguese|fail_g3_lt_10|sex_gender,primary,5000,3,c14d|uci320|portuguese|fail_g3_lt_10|period2,uci320|portuguese|fail_g3_lt_10|period2,draws/task_1229a07ff31969e688c4.npz,c000,30f1b94651e7dc8ce8711956bb0b49b06a6d43a38716f4d3723d33292837b4bc,row,649,649,60a369ed625fa4c94eedb1d273989c880f6629b6c2f271d9f6652fa40e5d9d20
C14D_harmonized,uci320,portuguese,fail_g3_lt_10,baseline,histgb,c14d_selected,socioeconomic_family,c14d__uci320__portuguese__fail_g3_lt_10__baseline__socioeconomic_family,c14d|uci320|portuguese|fail_g3_lt_10|socioeconomic_family,primary,5000,3,c14d|uci320|portuguese|fail_g3_lt_10|baseline,uci320|portuguese|fail_g3_lt_10|baseline,draws/task_0e4cde78a908a4a53cf8.npz,c001,b1d9b822b0c28e3c3afa9a1d0c17a51aae325dee8a07631136fb9c624cb9eac1,row,649,649,72e362edeb01c7e99523830fde04157aa87888ab2d6feab285ee199b76a385e9
C14D_harmonized,uci320,portuguese,fail_g3_lt_10,period1,histgb,c14d_selected,socioeconomic_family,c14d__uci320__portuguese__fail_g3_lt_10__period1__socioeconomic_family,c14d|uci320|portuguese|fail_g3_lt_10|socioeconomic_family,primary,5000,3,c14d|uci320|portuguese|fail_g3_lt_10|period1,uci320|portuguese|fail_g3_lt_10|period1,draws/task_8a43db396b3e054b22d0.npz,c001,8b2f380ffc11e7c89f9964d2adb831076ee5022371e533247376407a9450674c,row,649,649,952fc21d2dfc8c4b5bc2e97b23cbdb78b85684ea05fbf806b2a302b513cae741
C14D_harmonized,uci320,portuguese,fail_g3_lt_10,period2,histgb,c14d_selected,socioeconomic_family,c14d__uci320__portuguese__fail_g3_lt_10__period2__socioeconomic_family,c14d|uci320|portuguese|fail_g3_lt_10|socioeconomic_family,primary,5000,3,c14d|uci320|portuguese|fail_g3_lt_10|period2,uci320|portuguese|fail_g3_lt_10|period2,draws/task_1229a07ff31969e688c4.npz,c001,30f1b94651e7dc8ce8711956bb0b49b06a6d43a38716f4d3723d33292837b4bc,row,649,649,60a369ed625fa4c94eedb1d273989c880f6629b6c2f271d9f6652fa40e5d9d20
C14D_harmonized,uci697,all,dropout_vs_all_other,enrollment,histgb,c14d_selected,socioeconomic_family,c14d__uci697__all__dropout_vs_all_other__enrollment__socioeconomic_family,c14d|uci697|all|dropout_vs_all_other|socioeconomic_family,primary,5000,2,c14d|uci697|all|dropout_vs_all_other|enrollment,uci697|all|dropout_vs_all_other|enrollment,draws/task_ac76048582bb799ff69d.npz,c000,cfbda3eed5e0379d3a9761d319419a2114a38fc848397c5afdb5befce8ace874,row,4424,4424,ebb3c055f61fa3d7f5a25f70fba1ac4eb890dbb6a5f83d36925e9aa8f0cfb289
C14D_harmonized,uci697,all,dropout_vs_all_other,semester1,histgb,c14d_selected,socioeconomic_family,c14d__uci697__all__dropout_vs_all_other__semester1__socioeconomic_family,c14d|uci697|all|dropout_vs_all_other|socioeconomic_family,primary,5000,2,c14d|uci697|all|dropout_vs_all_other|semester1,uci697|all|dropout_vs_all_other|semester1,draws/task_77487d9824bf80c2c696.npz,c000,9e51033646facb120052a30d63fa9141836c89c0e8bc84de162b23be76ac5e94,row,4424,4424,c1825a1f354219ad6ad6e69c945210b47d8b91be27bd4b21fe5a81f089c30054
C14D_harmonized,uci697,all,dropout_vs_graduate,enrollment,histgb,c14d_selected,sex_gender,c14d__uci697__all__dropout_vs_graduate__enrollment__sex_gender,c14d|uci697|all|dropout_vs_graduate|sex_gender,primary,5000,2,c14d|uci697|all|dropout_vs_graduate|enrollment,uci697|all|dropout_vs_graduate|enrollment,draws/task_c4b5b90d35097953e7ce.npz,c000,a8b3427a0b9f81e5d2b75b7861f419812225da80ce7a13c1c3c46443ad487bb3,row,3630,3630,5c938eb5acfc9a9b5dba45b319c16256463f9ac8a8b5421cc904284e923ac5a8
C14D_harmonized,uci697,all,dropout_vs_graduate,semester1,histgb,c14d_selected,sex_gender,c14d__uci697__all__dropout_vs_graduate__semester1__sex_gender,c14d|uci697|all|dropout_vs_graduate|sex_gender,primary,5000,2,c14d|uci697|all|dropout_vs_graduate|semester1,uci697|all|dropout_vs_graduate|semester1,draws/task_942891f4f25c05fa6325.npz,c000,513f22a90d9ca71af3c6c07433812309623f1292c30c6a44ef35d44327b659a9,row,3630,3630,c7c05840090efb54df6a9a134a7913df192afcf13701ba4020d123c47437211a
C14D_harmonized,uci697,all,dropout_vs_graduate,enrollment,histgb,c14d_selected,socioeconomic_family,c14d__uci697__all__dropout_vs_graduate__enrollment__socioeconomic_family,c14d|uci697|all|dropout_vs_graduate|socioeconomic_family,primary,5000,2,c14d|uci697|all|dropout_vs_graduate|enrollment,uci697|all|dropout_vs_graduate|enrollment,draws/task_c4b5b90d35097953e7ce.npz,c001,a8b3427a0b9f81e5d2b75b7861f419812225da80ce7a13c1c3c46443ad487bb3,row,3630,3630,5c938eb5acfc9a9b5dba45b319c16256463f9ac8a8b5421cc904284e923ac5a8
C14D_harmonized,uci697,all,dropout_vs_graduate,semester1,histgb,c14d_selected,socioeconomic_family,c14d__uci697__all__dropout_vs_graduate__semester1__socioeconomic_family,c14d|uci697|all|dropout_vs_graduate|socioeconomic_family,primary,5000,2,c14d|uci697|all|dropout_vs_graduate|semester1,uci697|all|dropout_vs_graduate|semester1,draws/task_942891f4f25c05fa6325.npz,c001,513f22a90d9ca71af3c6c07433812309623f1292c30c6a44ef35d44327b659a9,row,3630,3630,c7c05840090efb54df6a9a134a7913df192afcf13701ba4020d123c47437211a
